Casaubon,Kaibel
1.1a,1.1
1.1b,1.1
1.1c,1.1
1.1c,1.2
1.1d,1.2
1.1e,1.2
1.1f,1.2
1.1f,1.3
1.2a,1.3
1.2b,1.3
1.2b,1.4
1.2c,1.4
1.2d,1.4
1.3a,1.4
1.3b,1.4
1.3c,1.4
1.3d,1.4
1.3d,1.5
1.3e,1.5
1.3f,1.5
1.4a,1.5
1.4a,1.6
1.4b,1.6
1.4c,1.6
1.4d,1.6
1.4d,1.7
1.4e,1.7
1.4f,1.7
1.5a,1.7
1.5a,1.8
1.5b,1.8
1.5c,1.8
1.5d,1.8
1.5d,1.9
1.5e,1.9
1.5f,1.9
1.6a,1.9
1.6b,1.9
1.6b,1.10
1.6c,1.10
1.6d,1.10
1.6e,1.11
1.6f,1.11
1.7a,1.11
1.7a,1.12
1.7b,1.12
1.7c,1.12
1.7d,1.13
1.7e,1.13
1.7f,1.13
1.7f,1.14
1.8a,1.14
1.8b,1.14
1.8c,1.14
1.8d,1.14
1.8e,1.14
1.8e,1.15
1.8f,1.15
1.9a,1.15
1.9b,1.15
1.9c,1.15
1.9c,1.16
1.9d,1.16
1.9e,1.16
1.9f,1.16
1.10a,1.16
1.10a,1.17
1.10b,1.17
1.10c,1.17
1.10d,1.17
1.10d,1.18
1.10e,1.18
1.10f,1.18
1.11a,1.18
1.11b,1.18
1.11b,1.19
1.11c,1.19
1.11d,1.19
1.11e,1.19
1.11f,1.19
1.11f,1.20
1.12a,1.20
1.12b,1.20
1.12c,1.20
1.12c,1.21
1.12d,1.21
1.12e,1.21
1.12f,1.21
1.13a,1.21
1.13a,1.22
1.13b,1.22
1.13c,1.22
1.13d,1.22
1.13d,1.23
1.13e,1.23
1.13f,1.23
1.14a,1.23
1.14a,1.24
1.14b,1.24
1.14c,1.24
1.14d,1.24
1.14d,1.25
1.14e,1.25
1.14f,1.25
1.14f,1.26
1.15a,1.26
1.15b,1.26
1.15c,1.26
1.15c,1.27
1.15d,1.27
1.15e,1.27
1.15f,1.27
1.16a,1.27
1.16a,1.28
1.16b,1.28
1.16c,1.28
1.16d,1.28
1.16e,1.28
1.16e,1.29
1.16f,1.29
1.17a,1.29
1.17b,1.29
1.17c,1.29
1.17c,1.30
1.17d,1.30
1.17e,1.30
1.17f,1.30
1.17f,1.31
1.18a,1.31
1.18b,1.31
1.18b,1.32
1.18c,1.32
1.18d,1.32
1.18e,1.32
1.18e,1.33
1.18f,1.33
1.19a,1.33
1.19a,1.34
1.19b,1.34
1.19c,1.34
1.19d,1.34
1.19d,1.35
1.19e,1.35
1.19f,1.35
1.20a,1.35
1.20b,1.35
1.20b,1.36
1.20c,1.36
1.20d,1.36
1.20d,1.37
1.20e,1.37
1.20f,1.37
1.21a,1.37
1.21a,1.38
1.21b,1.38
1.21c,1.38
1.21d,1.38
1.21d,1.39
1.21e,1.39
1.21f,1.39
1.22a,1.39
1.22b,1.39
1.22b,1.40
1.22c,1.40
1.22d,1.40
1.22d,1.41
1.22e,1.41
1.22f,1.41
1.23a,1.41
1.23b,1.41
1.23b,1.42
1.23c,1.42
1.23d,1.42
1.23e,1.42
1.23e,1.43
1.23f,1.43
1.24a,1.43
1.24b,1.43
1.24b,1.44
1.24c,1.44
1.24d,1.44
1.24e,1.44
1.24e,1.45
1.24f,1.45
1.25a,1.45
1.25b,1.45
1.25b,1.46
1.25c,1.46
1.25d,1.46
1.25e,1.46
1.25f,1.46
1.25f,1.47
1.26a,1.47
1.26b,1.47
1.26c,1.47
1.26c,1.48
1.26d,1.48
1.26e,1.48
1.26f,1.48
1.27a,1.48
1.27b,1.48
1.27c,1.48
1.27d,1.48
1.27d,1.49
1.27e,1.49
1.27f,1.49
1.28a,1.49
1.28a,1.50
1.28b,1.50
1.28c,1.50
1.28d,1.50
1.28d,1.51
1.28e,1.51
1.28f,1.51
1.29a,1.52
1.29b,1.52
1.29c,1.52
1.29d,1.52
1.29d,1.53
1.29e,1.53
1.29f,1.53
1.29f,1.54
1.30a,1.54
1.30b,1.54
1.30b,1.55
1.30c,1.55
1.30d,1.55
1.30e,1.55
1.30e,1.56
1.30f,1.56
1.31a,1.56
1.31b,1.56
1.31c,1.56
1.31c,1.57
1.31d,1.57
1.31e,1.57
1.31f,1.57
1.31f,1.58
1.32a,1.58
1.32b,1.58
1.32c,1.58
1.32c,1.59
1.32d,1.59
1.32e,1.59
1.32f,1.59
1.33a,1.59
1.33b,1.59
1.33c,1.59
1.33c,1.60
1.33d,1.60
1.33e,1.60
1.33f,1.60
1.34a,1.60
1.34a,1.61
1.34b,1.61
1.34c,1.62
1.34d,1.62
1.34e,1.62
2.35a,2.1
2.35b,2.1
2.35c,2.1
2.35c,2.2
2.35d,2.2
2.35e,2.2
2.36a,2.2
2.36b,2.2
2.36b,2.3
2.36c,2.3
2.36d,2.3
2.36d,2.4
2.36e,2.4
2.36f,2.4
2.37a,2.4
2.37b,2.4
2.37b,2.5
2.37c,2.5
2.37d,2.5
2.37e,2.5
2.37e,2.6
2.37f,2.6
2.38a,2.6
2.38b,2.6
2.38c,2.6
2.38c,2.7
2.38d,2.7
2.38e,2.7
2.38f,2.7
2.38f,2.8
2.39a,2.8
2.39b,2.8
2.39b,2.9
2.39c,2.9
2.39d,2.9
2.39e,2.9
2.39e,2.10
2.39f,2.10
2.40a,2.10
2.40a,2.11
2.40b,2.11
2.40c,2.11
2.40d,2.11
2.40d,2.12
2.40e,2.12
2.40f,2.12
2.40f,2.13
2.41a,2.13
2.41b,2.13
2.41b,2.14
2.41c,2.14
2.41d,2.14
2.41d,2.15
2.41e,2.15
2.41f,2.15
2.42a,2.15
2.42a,2.16
2.42b,2.16
2.42c,2.16
2.42d,2.16
2.42e,2.16
2.42e,2.17
2.42f,2.17
2.43a,2.17
2.43b,2.17
2.43b,2.18
2.43c,2.18
2.43d,2.18
2.43d,2.19
2.43e,2.19
2.43f,2.19
2.43f,2.20
2.44a,2.20
2.44b,2.20
2.44b,2.21
2.44c,2.21
2.44d,2.21
2.44d,2.22
2.44e,2.22
2.44f,2.22
2.45a,2.22
2.45a,2.23
2.45b,2.23
2.45c,2.23
2.45d,2.23
2.45d,2.24
2.45e,2.24
2.45f,2.24
2.46a,2.24
2.46a,2.25
2.46b,2.25
2.46c,2.25
2.46d,2.25
2.46d,2.26
2.46e,2.26
2.46f,2.26
2.47a,2.26
2.47a,2.27
2.47b,2.27
2.47c,2.27
2.47c,2.28
2.47d,2.28
2.47e,2.28
2.47e,2.29
2.47f,2.29
2.48a,2.29
2.48a,2.30
2.48b,2.30
2.48c,2.30
2.48c,2.31
2.48d,2.31
2.48e,2.31
2.48f,2.31
2.49a,2.31
2.49a,2.32
2.49b,2.32
2.49c,2.32
2.49d,2.32
2.49d,2.33
2.49e,2.33
2.49f,2.33
2.50a,2.33
2.50b,2.33
2.50b,2.34
2.50c,2.34
2.50d,2.34
2.50d,2.35
2.50e,2.35
2.50f,2.35
2.51a,2.35
2.51b,2.35
2.51b,2.36
2.51c,2.36
2.51d,2.36
2.51e,2.36
2.51e,2.37
2.51f,2.37
2.52a,2.37
2.52a,2.38
2.52b,2.38
2.52b,2.39
2.52c,2.39
2.52d,2.39
2.52e,2.39
2.52f,2.39
2.52f,2.40
2.53a,2.40
2.53b,2.40
2.53b,2.41
2.53c,2.41
2.53d,2.41
2.53d,2.42
2.53e,2.42
2.53f,2.42
2.54a,2.42
2.54b,2.42
2.54b,2.43
2.54c,2.43
2.54d,2.43
2.54e,2.44
2.54f,2.44
2.55a,2.44
2.55b,2.44
2.55c,2.45
2.55d,2.45
2.55e,2.45
2.55f,2.45
2.56a,2.45
2.56a,2.46
2.56a,2.47
2.56b,2.47
2.56c,2.47
2.56d,2.47
2.56d,2.48
2.56e,2.48
2.56f,2.48
2.57a,2.48
2.57b,2.48
2.57b,2.49
2.57c,2.49
2.57d,2.49
2.57d,2.50
2.57e,2.50
2.57f,2.50
2.58a,2.50
2.58b,2.50
2.58b,2.51
2.58c,2.51
2.58d,2.52
2.58e,2.52
2.58f,2.52
2.58f,2.53
2.59a,2.53
2.59b,2.53
2.59c,2.53
2.59c,2.54
2.59d,2.54
2.59e,2.54
2.59f,2.54
2.59f,2.55
2.60a,2.55
2.60b,2.55
2.60b,2.56
2.60c,2.56
2.60d,2.56
2.60e,2.56
2.60e,2.57
2.60f,2.57
2.61a,2.57
2.61b,2.57
2.61c,2.57
2.61c,2.58
2.61c,2.59
2.61d,2.59
2.61e,2.59
2.61f,2.59
2.62a,2.60
2.62b,2.60
2.62c,2.60
2.62d,2.60
2.62d,2.61
2.62d,2.62
2.62e,2.62
2.62f,2.62
2.63a,2.62
2.63a,2.63
2.63b,2.63
2.63c,2.63
2.63d,2.63
2.63d,2.64
2.63e,2.64
2.63f,2.64
2.64a,2.64
2.64a,2.65
2.64b,2.65
2.64b,2.66
2.64c,2.66
2.64d,2.67
2.64e,2.67
2.64f,2.67
2.64f,2.68
2.65a,2.68
2.65b,2.68
2.65b,2.69
2.65c,2.69
2.65c,2.70
2.65d,2.70
2.65d,2.71
2.65e,2.71
2.65f,2.72
2.66a,2.72
2.66b,2.72
2.66c,2.72
2.66c,2.73
2.66d,2.73
2.66e,2.73
2.66f,2.73
2.66f,2.74
2.67a,2.74
2.67b,2.74
2.67b,2.75
2.67c,2.75
2.67c,2.76
2.67d,2.76
2.67e,2.76
2.67f,2.76
2.67f,2.77
2.68a,2.77
2.68b,2.77
2.68c,2.77
2.68c,2.78
2.68d,2.78
2.68e,2.78
2.68f,2.78
2.68f,2.79
2.69a,2.79
2.69b,2.79
2.69b,2.80
2.69c,2.80
2.69d,2.80
2.69e,2.80
2.69e,2.81
2.69f,2.81
2.70a,2.81
2.70a,2.82
2.70b,2.82
2.70c,2.82
2.70d,2.82
2.70d,2.83
2.70e,2.83
2.70f,2.83
2.71a,2.83
2.71a,2.84
2.71b,2.84
2.71c,2.84
2.71c,2.85
2.71d,2.85
2.71e,2.85
2.71e,2.86
2.71f,2.86
3.72a,3.1
3.72b,3.1
3.72c,3.2
3.72d,3.2
3.73a,3.2
3.73b,3.2
3.73b,3.3
3.73c,3.3
3.73d,3.3
3.73d,3.4
3.73e,3.4
3.74a,3.4
3.74a,3.5
3.74b,3.5
3.74c,3.5
3.74c,3.6
3.74d,3.6
3.74e,3.6
3.74f,3.6
3.75a,3.6
3.75a,3.7
3.75b,3.7
3.75c,3.7
3.75d,3.7
3.75e,3.8
3.75f,3.8
3.75f,3.9
3.76a,3.9
3.76b,3.9
3.76c,3.9
3.76c,3.10
3.76d,3.10
3.76e,3.10
3.76e,3.11
3.76f,3.11
3.77a,3.11
3.77b,3.11
3.77c,3.11
3.77c,3.12
3.77d,3.12
3.77e,3.12
3.77e,3.13
3.77f,3.13
3.78a,3.13
3.78a,3.14
3.78b,3.14
3.78c,3.14
3.78d,3.15
3.78e,3.15
3.78f,3.15
3.79a,3.16
3.79b,3.16
3.79c,3.16
3.79d,3.16
3.79e,3.16
3.79e,3.17
3.79f,3.17
3.80a,3.17
3.80a,3.18
3.80b,3.18
3.80b,3.19
3.80c,3.19
3.80d,3.19
3.80e,3.19
3.80e,3.20
3.80f,3.20
3.81a,3.20
3.81b,3.20
3.81c,3.20
3.81d,3.20
3.81d,3.21
3.81e,3.21
3.81e,3.22
3.81f,3.22
3.82a,3.22
3.82b,3.22
3.82b,3.23
3.82c,3.23
3.82d,3.23
3.82e,3.23
3.82e,3.24
3.82f,3.24
3.83a,3.24
3.83a,3.25
3.83b,3.25
3.83c,3.25
3.83d,3.25
3.83d,3.26
3.83e,3.26
3.83f,3.26
3.84a,3.26
3.84a,3.27
3.84b,3.27
3.84c,3.27
3.84c,3.28
3.84d,3.28
3.84e,3.28
3.84f,3.28
3.85a,3.28
3.85a,3.29
3.85b,3.29
3.85c,3.29
3.85c,3.30
3.85d,3.30
3.85e,3.30
3.85e,3.31
3.85f,3.31
3.86a,3.31
3.86b,3.31
3.86b,3.32
3.86c,3.32
3.86d,3.32
3.86e,3.32
3.86f,3.32
3.86f,3.33
3.87a,3.33
3.87b,3.33
3.87c,3.33
3.87c,3.34
3.87d,3.34
3.87e,3.34
3.87f,3.34
3.87f,3.35
3.88a,3.35
3.88b,3.35
3.88c,3.35
3.88d,3.35
3.88d,3.36
3.88e,3.36
3.88f,3.36
3.89a,3.36
3.89a,3.37
3.89b,3.37
3.89c,3.37
3.89c,3.38
3.89d,3.38
3.89e,3.38
3.89f,3.38
3.89f,3.39
3.90a,3.39
3.90b,3.39
3.90c,3.39
3.90c,3.40
3.90d,3.40
3.90e,3.40
3.90f,3.40
3.91a,3.40
3.91a,3.41
3.91b,3.41
3.91c,3.41
3.91d,3.41
3.91e,3.41
3.91e,3.42
3.91f,3.42
3.92a,3.42
3.92b,3.42
3.92b,3.43
3.92c,3.43
3.92c,3.44
3.92d,3.44
3.92e,3.44
3.92f,3.44
3.93a,3.44
3.93a,3.45
3.93b,3.45
3.93c,3.45
3.93d,3.45
3.93d,3.46
3.93e,3.46
3.93f,3.46
3.94a,3.46
3.94b,3.46
3.94c,3.47
3.94d,3.47
3.94e,3.47
3.94f,3.47
3.95a,3.47
3.95a,3.48
3.95b,3.48
3.95c,3.48
3.95d,3.48
3.95e,3.48
3.95e,3.49
3.95f,3.49
3.96a,3.49
3.96b,3.49
3.96c,3.49
3.96d,3.50
3.96e,3.50
3.96e,3.51
3.96f,3.51
3.97a,3.51
3.97b,3.51
3.97c,3.51
3.97c,3.52
3.97d,3.52
3.97e,3.52
3.97f,3.52
3.97f,3.53
3.98a,3.53
3.98b,3.53
3.98c,3.53
3.98c,3.54
3.98d,3.54
3.98e,3.54
3.98f,3.54
3.99a,3.54
3.99b,3.54
3.99b,3.55
3.99c,3.55
3.99d,3.55
3.99e,3.55
3.99e,3.56
3.99f,3.56
3.100a,3.56
3.100b,3.56
3.100b,3.57
3.100c,3.57
3.100d,3.57
3.100e,3.57
3.100e,3.58
3.100f,3.58
3.101a,3.58
3.101b,3.58
3.101b,3.59
3.101c,3.59
3.101d,3.59
3.101e,3.59
3.101f,3.59
3.101f,3.60
3.102a,3.60
3.102b,3.60
3.102c,3.60
3.102d,3.60
3.102e,3.60
3.102f,3.60
3.103a,3.60
3.103b,3.60
3.103b,3.61
3.103c,3.61
3.103d,3.61
3.103e,3.61
3.103e,3.62
3.103f,3.62
3.104a,3.62
3.104a,3.63
3.104b,3.63
3.104c,3.63
3.104c,3.64
3.104d,3.64
3.104e,3.64
3.104f,3.64
3.105a,3.64
3.105b,3.64
3.105b,3.65
3.105c,3.65
3.105d,3.65
3.105d,3.66
3.105e,3.66
3.105f,3.66
3.106a,3.66
3.106b,3.66
3.106b,3.67
3.106c,3.67
3.106c,3.68
3.106d,3.68
3.106e,3.68
3.106e,3.69
3.106f,3.69
3.107a,3.69
3.107b,3.69
3.107c,3.69
3.107d,3.69
3.107e,3.69
3.107e,3.70
3.107f,3.70
3.108a,3.70
3.108a,3.71
3.108b,3.71
3.108c,3.71
3.108d,3.72
3.108e,3.72
3.108f,3.72
3.108f,3.73
3.109a,3.73
3.109b,3.73
3.109b,3.74
3.109c,3.74
3.109d,3.74
3.109e,3.74
3.109f,3.74
3.110a,3.74
3.110b,3.74
3.110b,3.75
3.110c,3.75
3.110d,3.75
3.110e,3.75
3.110f,3.75
3.111a,3.75
3.111b,3.76
3.111c,3.76
3.111d,3.76
3.111e,3.76
3.111e,3.77
3.111f,3.77
3.112a,3.77
3.112b,3.77
3.112c,3.77
3.112c,3.78
3.112d,3.78
3.112e,3.78
3.112f,3.78
3.113a,3.79
3.113b,3.79
3.113c,3.79
3.113d,3.79
3.113d,3.80
3.113e,3.80
3.113f,3.80
3.114a,3.80
3.114b,3.80
3.114b,3.81
3.114c,3.81
3.114d,3.81
3.114e,3.81
3.114e,3.82
3.114f,3.82
3.115a,3.82
3.115b,3.82
3.115c,3.83
3.115d,3.83
3.115e,3.83
3.115f,3.83
3.116a,3.83
3.116a,3.84
3.116b,3.84
3.116c,3.84
3.116d,3.84
3.116e,3.84
3.116e,3.85
3.116f,3.85
3.117a,3.85
3.117b,3.85
3.117c,3.85
3.117c,3.86
3.117d,3.86
3.117e,3.86
3.117f,3.86
3.118a,3.86
3.118a,3.87
3.118b,3.87
3.118c,3.87
3.118d,3.87
3.118d,3.88
3.118e,3.88
3.118f,3.88
3.119a,3.88
3.119b,3.88
3.119b,3.89
3.119c,3.89
3.119d,3.89
3.119e,3.89
3.119f,3.89
3.119f,3.90
3.120a,3.90
3.120b,3.90
3.120b,3.91
3.120c,3.91
3.120d,3.91
3.120e,3.91
3.120e,3.92
3.120f,3.92
3.121a,3.92
3.121b,3.92
3.121b,3.93
3.121c,3.93
3.121d,3.93
3.121e,3.93
3.121e,3.94
3.121f,3.94
3.122a,3.94
3.122b,3.94
3.122c,3.94
3.122c,3.95
3.122d,3.95
3.122e,3.95
3.122f,3.95
3.123a,3.95
3.123a,3.96
3.123b,3.96
3.123c,3.96
3.123d,3.96
3.123e,3.96
3.123e,3.97
3.123f,3.97
3.124a,3.97
3.124b,3.97
3.124c,3.97
3.124c,3.98
3.124d,3.98
3.124e,3.98
3.124f,3.98
3.125a,3.98
3.125a,3.99
3.125b,3.99
3.125c,3.99
3.125d,3.99
3.125e,3.99
3.125f,3.99
3.125f,3.100
3.126a,3.100
3.126b,3.100
3.126c,3.100
3.126d,3.100
3.126e,3.100
3.126f,3.100
3.126f,3.101
3.127a,3.101
3.127b,3.101
3.127c,3.101
3.127d,3.101
3.127e,3.101
4.128a,4.1
4.128b,4.1
4.128c,4.1
4.128c,4.2
4.128d,4.2
4.128e,4.2
4.129a,4.2
4.129a,4.3
4.129b,4.3
4.129c,4.3
4.129d,4.3
4.129d,4.4
4.129e,4.4
4.129f,4.4
4.130a,4.4
4.130a,4.5
4.130b,4.5
4.130c,4.5
4.130d,4.5
4.130e,4.6
4.130f,4.6
4.131a,4.6
4.131a,4.7
4.131b,4.7
4.131c,4.7
4.131d,4.7
4.131e,4.7
4.131f,4.7
4.131f,4.8
4.132a,4.8
4.132b,4.8
4.132c,4.8
4.132c,4.9
4.132d,4.9
4.132e,4.9
4.132f,4.9
4.132f,4.10
4.133a,4.10
4.133b,4.10
4.133c,4.10
4.133c,4.11
4.133d,4.11
4.133e,4.11
4.133f,4.11
4.134a,4.12
4.134b,4.12
4.134c,4.12
4.134d,4.12
4.134d,4.13
4.134e,4.13
4.134f,4.13
4.135a,4.13
4.135b,4.13
4.135c,4.13
4.135d,4.13
4.135e,4.13
4.135f,4.13
4.136a,4.13
4.136b,4.13
4.136c,4.13
4.136d,4.13
4.136e,4.13
4.136f,4.13
4.137a,4.13
4.137b,4.13
4.137c,4.13
4.137c,4.14
4.137d,4.14
4.137e,4.14
4.137f,4.14
4.138a,4.14
4.138b,4.14
4.138b,4.15
4.138c,4.15
4.138d,4.15
4.138e,4.16
4.138f,4.16
4.139a,4.16
4.139b,4.16
4.139c,4.16
4.139c,4.17
4.139d,4.17
4.139e,4.17
4.139f,4.17
4.140a,4.17
4.140b,4.17
4.140c,4.17
4.140d,4.17
4.140e,4.17
4.140e,4.18
4.140f,4.18
4.141a,4.18
4.141a,4.19
4.141b,4.19
4.141c,4.19
4.141d,4.19
4.141e,4.19
4.141f,4.19
4.141f,4.20
4.142a,4.20
4.142b,4.20
4.142b,4.21
4.142c,4.21
4.142d,4.21
4.142e,4.21
4.142f,4.21
4.143a,4.21
4.143a,4.22
4.143b,4.22
4.143c,4.22
4.143d,4.22
4.143e,4.22
4.143f,4.22
4.143f,4.23
4.144a,4.23
4.144b,4.23
4.144b,4.24
4.144c,4.24
4.144d,4.24
4.144e,4.24
4.144e,4.25
4.144f,4.25
4.145a,4.25
4.145a,4.26
4.145b,4.26
4.145c,4.26
4.145d,4.26
4.145e,4.26
4.145f,4.26
4.146a,4.26
4.146a,4.27
4.146b,4.27
4.146c,4.27
4.146d,4.27
4.146e,4.27
4.146f,4.27
4.146f,4.28
4.147a,4.28
4.147b,4.28
4.147c,4.28
4.147d,4.28
4.147e,4.28
4.147e,4.29
4.147f,4.29
4.148a,4.29
4.148b,4.29
4.148c,4.29
4.148d,4.29
4.148d,4.30
4.148e,4.30
4.148f,4.30
4.148f,4.31
4.149a,4.31
4.149b,4.31
4.149c,4.31
4.149d,4.31
4.149d,4.32
4.149e,4.32
4.149f,4.32
4.150a,4.32
4.150b,4.32
4.150b,4.33
4.150c,4.33
4.150d,4.33
4.150d,4.34
4.150e,4.34
4.150f,4.34
4.150f,4.35
4.151a,4.35
4.151b,4.35
4.151c,4.35
4.151d,4.35
4.151e,4.35
4.151e,4.36
4.152a,4.36
4.152b,4.36
4.152c,4.36
4.152d,4.36
4.152d,4.37
4.152e,4.37
4.152f,4.37
4.152f,4.38
4.153a,4.38
4.153b,4.38
4.153c,4.38
4.153d,4.38
4.153d,4.39
4.153e,4.39
4.153f,4.39
4.154a,4.39
4.154a,4.40
4.154b,4.40
4.154c,4.40
4.154d,4.41
4.154e,4.41
4.154f,4.41
4.155a,4.41
4.155a,4.42
4.155b,4.42
4.155c,4.42
4.155d,4.42
4.155e,4.42
4.155f,4.43
4.156a,4.43
4.156a,4.44
4.156b,4.44
4.156c,4.44
4.156d,4.44
4.156d,4.45
4.156e,4.45
4.156f,4.45
4.157a,4.45
4.157b,4.45
4.157c,4.45
4.157d,4.45
4.157d,4.46
4.157e,4.46
4.157f,4.46
4.158a,4.46
4.158a,4.47
4.158b,4.47
4.158c,4.47
4.158d,4.47
4.158d,4.48
4.158e,4.48
4.158f,4.48
4.159a,4.48
4.159a,4.49
4.159b,4.49
4.159c,4.49
4.159d,4.49
4.159e,4.50
4.159f,4.50
4.160a,4.50
4.160b,4.50
4.160b,4.51
4.160c,4.51
4.160d,4.51
4.160e,4.51
4.160f,4.51
4.160f,4.52
4.161a,4.52
4.161b,4.52
4.161c,4.52
4.161d,4.52
4.161d,4.53
4.161e,4.53
4.161f,4.53
4.162a,4.53
4.162b,4.53
4.162b,4.54
4.162c,4.54
4.162d,4.54
4.162e,4.54
4.162e,4.55
4.162f,4.55
4.163a,4.55
4.163b,4.55
4.163c,4.55
4.163c,4.56
4.163d,4.56
4.163e,4.56
4.163f,4.56
4.164a,4.56
4.164a,4.57
4.164b,4.57
4.164c,4.57
4.164d,4.57
4.164d,4.58
4.164e,4.58
4.164f,4.58
4.165a,4.58
4.165b,4.58
4.165b,4.59
4.165c,4.59
4.165d,4.59
4.165e,4.59
4.165e,4.60
4.165f,4.60
4.166a,4.60
4.166b,4.60
4.166c,4.60
4.166c,4.61
4.166d,4.61
4.166e,4.61
4.166f,4.61
4.166f,4.62
4.167a,4.62
4.167b,4.62
4.167c,4.62
4.167c,4.63
4.167d,4.63
4.167d,4.64
4.167e,4.64
4.167f,4.64
4.168a,4.64
4.168a,4.65
4.168b,4.65
4.168b,4.66
4.168c,4.66
4.168d,4.66
4.168e,4.66
4.168e,4.67
4.168f,4.67
4.169a,4.67
4.169b,4.67
4.169b,4.68
4.169c,4.68
4.169d,4.68
4.169e,4.68
4.169f,4.68
4.170a,4.69
4.170b,4.69
4.170c,4.69
4.170d,4.69
4.170d,4.70
4.170e,4.70
4.170f,4.70
4.171a,4.70
4.171b,4.70
4.171b,4.71
4.171c,4.71
4.171d,4.71
4.171e,4.71
4.171f,4.71
4.172a,4.71
4.172a,4.72
4.172b,4.72
4.172c,4.72
4.172d,4.72
4.172e,4.72
4.172f,4.72
4.172f,4.73
4.173a,4.73
4.173b,4.73
4.173c,4.73
4.173c,4.74
4.173d,4.74
4.173e,4.74
4.173f,4.74
4.174a,4.74
4.174a,4.75
4.174b,4.75
4.174c,4.75
4.174d,4.75
4.174e,4.75
4.174e,4.76
4.174f,4.76
4.175a,4.76
4.175b,4.76
4.175b,4.77
4.175c,4.77
4.175d,4.77
4.175e,4.77
4.175e,4.78
4.175f,4.78
4.176a,4.78
4.176b,4.78
4.176c,4.78
4.176d,4.78
4.176e,4.78
4.176e,4.79
4.176f,4.79
4.177a,4.79
4.182b,4.79
4.182c,4.79
4.182c,4.80
4.182d,4.80
4.182e,4.80
4.182f,4.80
4.183a,4.80
4.183a,4.81
4.183b,4.81
4.183c,4.81
4.183d,4.81
4.183e,4.81
4.183e,4.82
4.183f,4.82
4.184a,4.82
4.184a,4.83
4.184b,4.83
4.184c,4.83
4.184c,4.84
4.184d,4.84
4.184e,4.84
4.184f,4.84
4.185a,4.84
5.185a,5.1
5.185b,5.1
5.185c,5.1
5.185c,5.2
5.186a,5.2
5.186b,5.2
5.186c,5.2
5.186d,5.2
5.186d,5.3
5.186e,5.3
5.186f,5.3
5.187a,5.3
5.187b,5.3
5.177a,5.3
5.177b,5.3
5.177b,5.4
5.177c,5.4
5.177d,5.4
5.177e,5.4
5.177f,5.4
5.178a,5.4
5.178a,5.5
5.178b,5.5
5.178c,5.5
5.178d,5.5
5.178e,5.5
5.178e,5.6
5.178f,5.6
5.179a,5.6
5.179b,5.6
5.179b,5.7
5.179c,5.7
5.179d,5.7
5.179e,5.8
5.179f,5.8
5.180a,5.8
5.180b,5.8
5.180b,5.9
5.180c,5.9
5.180d,5.9
5.180e,5.9
5.180e,5.10
5.181a,5.10
5.181b,5.10
5.181c,5.10
5.181d,5.10
5.181d,5.11
5.181e,5.11
5.181f,5.11
5.182a,5.11
5.182a,5.12
5.182b,5.12
5.187b,5.12
5.187c,5.12
5.187d,5.12
5.187e,5.12
5.187f,5.12
5.187f,5.13
5.188a,5.13
5.188b,5.13
5.188c,5.13
5.188d,5.13
5.188d,5.14
5.188e,5.14
5.188f,5.14
5.189a,5.14
5.189b,5.14
5.189b,5.15
5.189c,5.15
5.189d,5.15
5.189e,5.15
5.189f,5.15
5.190a,5.15
5.190a,5.16
5.190b,5.16
5.190c,5.16
5.190d,5.16
5.190e,5.16
5.190f,5.17
5.191a,5.17
5.191b,5.17
5.191c,5.17
5.191d,5.17
5.191d,5.18
5.191e,5.18
5.191f,5.18
5.192a,5.18
5.192b,5.18
5.192b,5.19
5.192c,5.19
5.192d,5.19
5.192e,5.19
5.192e,5.20
5.192f,5.20
5.193a,5.20
5.193b,5.20
5.193c,5.20
5.193c,5.21
5.193d,5.21
5.193e,5.21
5.193f,5.21
5.194a,5.21
5.194b,5.21
5.194c,5.21
5.194c,5.22
5.194d,5.22
5.194e,5.22
5.194f,5.22
5.194f,5.23
5.195a,5.23
5.195b,5.23
5.195c,5.23
5.195c,5.24
5.195d,5.24
5.195e,5.24
5.195f,5.24
5.196a,5.25
5.196b,5.25
5.196c,5.25
5.196d,5.25
5.196e,5.25
5.196e,5.26
5.196f,5.26
5.197a,5.26
5.197b,5.26
5.197c,5.26
5.197c,5.27
5.197d,5.27
5.197e,5.27
5.197f,5.27
5.198a,5.27
5.198b,5.27
5.198c,5.27
5.198c,5.28
5.198d,5.28
5.198e,5.28
5.198f,5.28
5.199a,5.28
5.199b,5.28
5.199b,5.29
5.199c,5.29
5.199d,5.29
5.199e,5.29
5.199e,5.30
5.199f,5.30
5.200a,5.30
5.200b,5.30
5.200b,5.31
5.200c,5.31
5.200d,5.31
5.200e,5.31
5.200f,5.31
5.200f,5.32
5.201a,5.32
5.201b,5.32
5.201c,5.32
5.201c,5.33
5.201d,5.33
5.201e,5.33
5.201f,5.33
5.202a,5.33
5.202a,5.34
5.202b,5.34
5.202c,5.34
5.202d,5.34
5.202e,5.34
5.202f,5.34
5.202f,5.35
5.203a,5.35
5.203b,5.35
5.203b,5.36
5.203c,5.36
5.203d,5.36
5.203e,5.36
5.203e,5.37
5.203f,5.37
5.204a,5.37
5.204b,5.37
5.204c,5.37
5.204d,5.37
5.204d,5.38
5.204e,5.38
5.204f,5.38
5.205a,5.38
5.205b,5.38
5.205c,5.38
5.205d,5.38
5.205d,5.39
5.205e,5.39
5.205f,5.39
5.206a,5.39
5.206b,5.39
5.206c,5.39
5.206d,5.39
5.206d,5.40
5.206e,5.40
5.206f,5.40
5.207a,5.40
5.207b,5.40
5.207c,5.40
5.207c,5.41
5.207d,5.41
5.207e,5.41
5.207e,5.42
5.207f,5.42
5.208a,5.42
5.208b,5.42
5.208b,5.43
5.208c,5.43
5.208d,5.43
5.208e,5.43
5.208f,5.43
5.209a,5.43
5.209a,5.44
5.209b,5.44
5.209c,5.44
5.209d,5.44
5.209e,5.44
5.209e,5.45
5.209f,5.45
5.210a,5.45
5.210b,5.45
5.210c,5.45
5.210c,5.46
5.210d,5.46
5.210e,5.46
5.210f,5.46
5.210f,5.47
5.211a,5.47
5.211b,5.47
5.211c,5.47
5.211d,5.47
5.211e,5.47
5.211e,5.48
5.211f,5.48
5.212a,5.48
5.212b,5.48
5.212b,5.49
5.212c,5.49
5.212d,5.49
5.212e,5.49
5.212f,5.49
5.212f,5.50
5.213a,5.50
5.213b,5.50
5.213c,5.50
5.213c,5.51
5.213d,5.51
5.213e,5.51
5.213f,5.51
5.213f,5.52
5.214a,5.52
5.214b,5.52
5.214c,5.52
5.214d,5.52
5.214d,5.53
5.214e,5.53
5.214f,5.53
5.215a,5.53
5.215b,5.53
5.215b,5.54
5.215c,5.54
5.215c,5.55
5.215d,5.55
5.215e,5.55
5.215f,5.55
5.216a,5.55
5.216b,5.55
5.216c,5.55
5.216c,5.56
5.216d,5.56
5.216e,5.56
5.216f,5.56
5.217a,5.56
5.217a,5.57
5.217b,5.57
5.217c,5.57
5.217d,5.57
5.217d,5.58
5.217e,5.58
5.217f,5.58
5.218a,5.58
5.218b,5.59
5.218c,5.59
5.218d,5.59
5.218e,5.59
5.218e,5.60
5.218f,5.60
5.219a,5.60
5.219a,5.61
5.219b,5.61
5.219c,5.61
5.219d,5.61
5.219e,5.61
5.219f,5.61
5.220a,5.61
5.220a,5.62
5.220b,5.62
5.220c,5.62
5.220c,5.63
5.220d,5.63
5.220e,5.63
5.220f,5.63
5.221a,5.63
5.221a,5.64
5.221b,5.64
5.221c,5.64
5.221d,5.64
5.221e,5.64
5.221f,5.65
5.222a,5.65
5.222b,5.65
6.222a,6.1
6.222b,6.1
6.222c,6.1
6.223a,6.1
6.223b,6.1
6.223b,6.2
6.223c,6.2
6.223d,6.2
6.223d,6.3
6.223e,6.3
6.223f,6.3
6.224a,6.3
6.224b,6.3
6.224b,6.4
6.224c,6.4
6.224d,6.4
6.224d,6.5
6.224e,6.5
6.224f,6.5
6.225a,6.5
6.225a,6.6
6.225b,6.6
6.225c,6.6
6.225d,6.6
6.225d,6.7
6.225e,6.7
6.225f,6.7
6.226a,6.7
6.226a,6.8
6.226b,6.8
6.226c,6.8
6.226c,6.9
6.226d,6.9
6.226e,6.9
6.226e,6.10
6.226f,6.10
6.227a,6.10
6.227b,6.10
6.227b,6.11
6.227c,6.11
6.227d,6.11
6.227d,6.12
6.227e,6.12
6.227f,6.12
6.228a,6.12
6.228b,6.12
6.228c,6.12
6.228c,6.13
6.228d,6.13
6.228e,6.14
6.228f,6.14
6.229a,6.14
6.229b,6.14
6.229b,6.15
6.229c,6.15
6.229d,6.15
6.229d,6.16
6.229e,6.16
6.229f,6.16
6.230a,6.16
6.230a,6.17
6.230b,6.17
6.230c,6.17
6.230d,6.17
6.230d,6.18
6.230e,6.18
6.230f,6.18
6.231a,6.18
6.231b,6.18
6.231b,6.19
6.231c,6.19
6.231d,6.19
6.231e,6.19
6.231e,6.20
6.231f,6.20
6.232a,6.20
6.232b,6.20
6.232c,6.20
6.232c,6.21
6.232d,6.21
6.232d,6.22
6.232e,6.22
6.232f,6.22
6.233a,6.22
6.233a,6.23
6.233b,6.23
6.233c,6.23
6.233d,6.23
6.233e,6.23
6.233e,6.24
6.233f,6.24
6.234a,6.24
6.234a,6.25
6.234b,6.25
6.234c,6.25
6.234c,6.26
6.234d,6.26
6.234e,6.26
6.234f,6.26
6.235a,6.26
6.235b,6.27
6.235c,6.27
6.235d,6.27
6.235e,6.27
6.235e,6.28
6.235f,6.28
6.236a,6.28
6.236b,6.28
6.236b,6.29
6.236c,6.29
6.236d,6.29
6.236e,6.29
6.236e,6.30
6.236f,6.30
6.237a,6.30
6.237a,6.31
6.237b,6.31
6.237c,6.31
6.237d,6.31
6.237d,6.32
6.237e,6.32
6.237f,6.32
6.237f,6.33
6.238a,6.33
6.238b,6.33
6.238b,6.34
6.238c,6.34
6.238d,6.34
6.238d,6.35
6.238e,6.35
6.238f,6.35
6.239a,6.35
6.239a,6.36
6.239b,6.36
6.239c,6.36
6.239d,6.36
6.239e,6.36
6.239f,6.36
6.239f,6.37
6.240a,6.37
6.240b,6.37
6.240c,6.37
6.240c,6.38
6.240d,6.38
6.240e,6.38
6.240f,6.38
6.241a,6.39
6.241b,6.39
6.241c,6.39
6.241d,6.39
6.241e,6.39
6.241e,6.40
6.241f,6.40
6.242a,6.40
6.242b,6.40
6.242c,6.40
6.242c,6.41
6.242d,6.41
6.242e,6.41
6.242f,6.41
6.242f,6.42
6.243a,6.42
6.243b,6.42
6.243c,6.42
6.243d,6.42
6.243d,6.43
6.243e,6.43
6.243f,6.43
6.244a,6.43
6.244b,6.44
6.244c,6.44
6.244d,6.44
6.244d,6.45
6.244e,6.45
6.244f,6.45
6.245a,6.45
6.245b,6.45
6.245b,6.46
6.245c,6.46
6.245d,6.47
6.245e,6.47
6.245f,6.47
6.246a,6.47
6.246a,6.48
6.246b,6.48
6.246c,6.48
6.246c,6.49
6.246d,6.49
6.246e,6.49
6.246f,6.50
6.247a,6.50
6.247a,6.51
6.247b,6.51
6.247c,6.51
6.247d,6.51
6.247d,6.52
6.247e,6.52
6.247f,6.52
6.248a,6.52
6.248b,6.52
6.248c,6.52
6.248c,6.53
6.248d,6.53
6.248e,6.53
6.248f,6.53
6.248f,6.54
6.249a,6.54
6.249b,6.54
6.249c,6.55
6.249d,6.55
6.249e,6.55
6.249e,6.56
6.249f,6.56
6.250a,6.56
6.250b,6.56
6.250c,6.56
6.250d,6.56
6.250d,6.57
6.250e,6.57
6.250f,6.57
6.251a,6.57
6.251a,6.58
6.251b,6.58
6.251c,6.58
6.251d,6.58
6.251d,6.59
6.251e,6.59
6.251f,6.59
6.252a,6.59
6.252a,6.60
6.252b,6.60
6.252c,6.60
6.252d,6.60
6.252d,6.61
6.252e,6.61
6.252f,6.61
6.252f,6.62
6.253a,6.62
6.253b,6.62
6.253c,6.62
6.253d,6.62
6.253d,6.63
6.253e,6.63
6.253f,6.63
6.253f,6.64
6.254a,6.64
6.254b,6.64
6.254b,6.65
6.254c,6.65
6.254d,6.65
6.254e,6.65
6.254f,6.65
6.254f,6.66
6.255a,6.66
6.255b,6.66
6.255c,6.66
6.255c,6.67
6.255d,6.67
6.255e,6.67
6.255f,6.67
6.255f,6.68
6.256a,6.68
6.256b,6.68
6.256c,6.68
6.256c,6.69
6.256d,6.69
6.256e,6.69
6.256f,6.69
6.256f,6.70
6.257a,6.70
6.257b,6.70
6.257c,6.70
6.257c,6.71
6.257d,6.71
6.257e,6.71
6.257f,6.71
6.258a,6.72
6.258b,6.72
6.258c,6.72
6.258c,6.73
6.258d,6.73
6.258e,6.73
6.258f,6.73
6.258f,6.74
6.259a,6.74
6.259b,6.74
6.259c,6.74
6.259c,6.75
6.259d,6.75
6.259e,6.75
6.259f,6.75
6.259f,6.76
6.260a,6.76
6.260b,6.76
6.260c,6.76
6.260d,6.76
6.260d,6.77
6.260e,6.77
6.260f,6.77
6.261a,6.77
6.261b,6.77
6.261b,6.78
6.261c,6.78
6.261d,6.79
6.261e,6.79
6.261f,6.80
6.262a,6.80
6.262a,6.81
6.262b,6.81
6.262c,6.81
6.262d,6.81
6.262e,6.81
6.262e,6.82
6.262f,6.82
6.263a,6.82
6.263a,6.83
6.263b,6.83
6.263c,6.83
6.263c,6.84
6.263d,6.84
6.263e,6.84
6.263f,6.84
6.264a,6.84
6.264a,6.85
6.264b,6.85
6.264c,6.85
6.264c,6.86
6.264d,6.86
6.264d,6.87
6.264e,6.87
6.264f,6.87
6.265a,6.87
6.265b,6.87
6.265b,6.88
6.265c,6.88
6.265d,6.88
6.265e,6.88
6.265e,6.89
6.265f,6.89
6.266a,6.89
6.266b,6.89
6.266b,6.90
6.266c,6.90
6.266d,6.90
6.266e,6.90
6.266e,6.91
6.266f,6.91
6.266f,6.92
6.267a,6.92
6.267b,6.92
6.267b,6.93
6.267c,6.93
6.267d,6.93
6.267e,6.93
6.267e,6.94
6.267f,6.94
6.268a,6.94
6.268a,6.95
6.268b,6.95
6.268c,6.95
6.268d,6.95
6.268d,6.96
6.268e,6.96
6.268f,6.96
6.269a,6.96
6.269b,6.96
6.269c,6.96
6.269c,6.97
6.269d,6.97
6.269e,6.97
6.269e,6.98
6.269f,6.98
6.270a,6.98
6.270a,6.99
6.270b,6.99
6.270c,6.99
6.270d,6.99
6.270e,6.99
6.270e,6.100
6.270f,6.100
6.271a,6.100
6.271b,6.101
6.271c,6.101
6.271d,6.101
6.271e,6.101
6.271e,6.102
6.271f,6.102
6.272a,6.102
6.272a,6.103
6.272b,6.103
6.272c,6.103
6.272d,6.103
6.272d,6.104
6.272e,6.104
6.272f,6.104
6.273a,6.104
6.273a,6.105
6.273b,6.105
6.273c,6.105
6.273d,6.105
6.273d,6.106
6.273e,6.106
6.273f,6.106
6.273f,6.107
6.274a,6.107
6.274b,6.107
6.274c,6.107
6.274c,6.108
6.274d,6.108
6.274e,6.108
6.274e,6.109
6.274f,6.109
6.275a,6.109
6.275b,6.109
7.275a,7.1
7.276a,7.1
7.276a,7.2
7.276b,7.2
7.276c,7.2
7.276c,7.3
7.276d,7.3
7.276e,7.3
7.276e,7.4
7.276f,7.4
7.277a,7.4
7.277a,7.5
7.277b,7.5
7.277c,7.5
7.277d,7.5
7.277e,7.5
7.277e,7.6
7.277f,7.6
7.278a,7.6
7.278a,7.7
7.278b,7.7
7.278c,7.7
7.278d,7.7
7.278d,7.8
7.278e,7.8
7.278f,7.8
7.279a,7.8
7.279a,7.9
7.279b,7.9
7.279c,7.9
7.279d,7.9
7.279d,7.10
7.279e,7.10
7.279f,7.10
7.279f,7.11
7.280a,7.11
7.280b,7.11
7.280b,7.12
7.280c,7.12
7.280d,7.12
7.280d,7.13
7.280e,7.13
7.280f,7.13
7.281a,7.13
7.281b,7.13
7.281b,7.14
7.281c,7.14
7.281d,7.14
7.281e,7.14
7.281e,7.15
7.281f,7.15
7.282a,7.15
7.282a,7.16
7.282b,7.16
7.282c,7.16
7.282c,7.17
7.282d,7.17
7.282e,7.17
7.282e,7.18
7.282f,7.18
7.283a,7.18
7.283b,7.18
7.283c,7.18
7.283d,7.18
7.283d,7.19
7.283e,7.19
7.283f,7.19
7.284a,7.19
7.284a,7.20
7.284b,7.20
7.284c,7.20
7.284d,7.20
7.284d,7.21
7.284e,7.21
7.284f,7.22
7.285a,7.22
7.285b,7.22
7.285c,7.22
7.285c,7.23
7.285d,7.23
7.285e,7.23
7.285e,7.24
7.285f,7.24
7.286a,7.24
7.286a,7.25
7.286b,7.25
7.286b,7.26
7.286c,7.26
7.286d,7.26
7.286e,7.26
7.286e,7.27
7.286f,7.27
7.287a,7.27
7.287b,7.27
7.287b,7.28
7.287c,7.28
7.287d,7.28
7.287e,7.28
7.287f,7.28
7.288a,7.29
7.288a,7.30
7.288b,7.30
7.288c,7.31
7.288d,7.31
7.288d,7.32
7.288e,7.32
7.288f,7.32
7.289a,7.32
7.289a,7.33
7.289b,7.33
7.289c,7.33
7.289d,7.33
7.289d,7.34
7.289e,7.34
7.289f,7.34
7.289f,7.35
7.290a,7.35
7.290b,7.36
7.290c,7.36
7.290d,7.36
7.290e,7.36
7.290e,7.37
7.290f,7.37
7.291a,7.37
7.291b,7.37
7.291c,7.37
7.291d,7.37
7.291d,7.38
7.291e,7.38
7.291f,7.38
7.291f,7.39
7.292a,7.39
7.292b,7.39
7.292c,7.39
7.292d,7.39
7.292d,7.40
7.292e,7.40
7.292f,7.40
7.293a,7.40
7.293a,7.41
7.293b,7.41
7.293c,7.41
7.293d,7.41
7.293e,7.41
7.293e,7.42
7.293f,7.42
7.294a,7.42
7.294b,7.42
7.294c,7.42
7.294c,7.43
7.294d,7.43
7.294e,7.43
7.294e,7.44
7.294f,7.44
7.295a,7.44
7.295b,7.44
7.295b,7.45
7.295c,7.45
7.295d,7.45
7.295e,7.46
7.295f,7.46
7.296a,7.47
7.296b,7.47
7.296c,7.47
7.296d,7.47
7.296e,7.47
7.296e,7.48
7.296f,7.48
7.297a,7.48
7.297b,7.48
7.297c,7.48
7.297c,7.49
7.297c,7.50
7.297d,7.50
7.297e,7.50
7.297e,7.51
7.297f,7.51
7.298a,7.51
7.298a,7.52
7.298b,7.52
7.298c,7.52
7.298d,7.52
7.298d,7.53
7.298e,7.53
7.298f,7.53
7.299a,7.53
7.299a,7.54
7.299b,7.54
7.299c,7.54
7.299d,7.54
7.299e,7.54
7.299e,7.55
7.299f,7.55
7.300a,7.55
7.300b,7.55
7.300b,7.56
7.300c,7.56
7.300d,7.56
7.300d,7.57
7.300e,7.57
7.300e,7.58
7.300f,7.58
7.300f,7.59
7.301a,7.60
7.301b,7.60
7.301c,7.60
7.301c,7.61
7.301d,7.61
7.301d,7.62
7.301e,7.63
7.301f,7.63
7.302a,7.63
7.302b,7.63
7.302b,7.64
7.302c,7.64
7.302d,7.64
7.302d,7.65
7.302e,7.65
7.302f,7.65
7.303a,7.65
7.303b,7.65
7.303b,7.66
7.303c,7.66
7.303c,7.67
7.303d,7.67
7.303e,7.67
7.303f,7.67
7.304a,7.67
7.304b,7.67
7.304c,7.68
7.304d,7.68
7.304e,7.69
7.304f,7.70
7.305a,7.70
7.305a,7.71
7.305b,7.71
7.305c,7.71
7.305d,7.71
7.305d,7.72
7.305e,7.72
7.305f,7.72
7.305f,7.73
7.306a,7.73
7.306b,7.73
7.306b,7.74
7.306c,7.74
7.306c,7.75
7.306d,7.75
7.306d,7.76
7.306d,7.77
7.306e,7.77
7.306f,7.77
7.307a,7.77
7.307b,7.77
7.307b,7.78
7.307c,7.78
7.307d,7.78
7.307d,7.79
7.307e,7.79
7.307f,7.79
7.307f,7.80
7.308a,7.80
7.308b,7.80
7.308c,7.80
7.308d,7.80
7.308d,7.81
7.308e,7.81
7.308f,7.81
7.309a,7.81
7.309a,7.82
7.309b,7.82
7.309b,7.83
7.309c,7.83
7.309d,7.83
7.309e,7.83
7.309e,7.84
7.309f,7.84
7.310a,7.85
7.310b,7.85
7.310c,7.85
7.310d,7.85
7.310e,7.85
7.310e,7.86
7.310f,7.86
7.311a,7.86
7.311b,7.86
7.311c,7.86
7.311c,7.87
7.311d,7.87
7.311e,7.87
7.311e,7.88
7.311f,7.88
7.312a,7.88
7.312b,7.88
7.312b,7.89
7.312b,7.90
7.312c,7.90
7.312d,7.90
7.312e,7.90
7.312e,7.91
7.312f,7.91
7.313a,7.91
7.313a,7.92
7.313b,7.92
7.313c,7.92
7.313c,7.93
7.313d,7.93
7.313e,7.93
7.313e,7.94
7.313f,7.94
7.314a,7.94
7.314a,7.95
7.314b,7.95
7.314c,7.95
7.314d,7.95
7.314e,7.95
7.314e,7.96
7.314f,7.96
7.315a,7.96
7.315a,7.97
7.315b,7.97
7.315c,7.97
7.315c,7.98
7.315d,7.98
7.315e,7.98
7.315e,7.99
7.315f,7.99
7.316a,7.99
7.316a,7.100
7.316b,7.100
7.316c,7.100
7.316c,7.101
7.316d,7.101
7.316e,7.101
7.316e,7.102
7.316f,7.102
7.317a,7.102
7.317b,7.102
7.317b,7.103
7.317c,7.103
7.317d,7.103
7.317d,7.104
7.317e,7.104
7.317f,7.104
7.317f,7.105
7.318a,7.105
7.318b,7.105
7.318b,7.106
7.318c,7.106
7.318d,7.106
7.318e,7.106
7.318e,7.107
7.318f,7.107
7.319a,7.108
7.319a,7.109
7.319b,7.109
7.319b,7.110
7.319c,7.110
7.319c,7.111
7.319d,7.111
7.319d,7.112
7.319e,7.112
7.319e,7.113
7.319f,7.113
7.320a,7.113
7.320b,7.113
7.320c,7.113
7.320c,7.114
7.320d,7.114
7.320d,7.115
7.320e,7.115
7.320f,7.115
7.321a,7.115
7.321a,7.116
7.321a,7.117
7.321b,7.117
7.321c,7.117
7.321d,7.117
7.321d,7.118
7.321e,7.118
7.321f,7.118
7.322a,7.118
7.322b,7.119
7.322c,7.119
7.322c,7.120
7.322d,7.120
7.322e,7.120
7.322f,7.121
7.323a,7.121
7.323a,7.122
7.323b,7.122
7.323c,7.122
7.323c,7.123
7.323d,7.123
7.323e,7.123
7.323f,7.123
7.323f,7.124
7.324a,7.124
7.324b,7.124
7.324c,7.124
7.324c,7.125
7.324d,7.125
7.324e,7.125
7.324f,7.125
7.325a,7.125
7.325a,7.126
7.325b,7.126
7.325c,7.126
7.325d,7.126
7.325d,7.127
7.325e,7.127
7.325f,7.127
7.325f,7.128
7.326a,7.128
7.326a,7.129
7.326b,7.129
7.326b,7.130
7.326c,7.130
7.326d,7.130
7.326e,7.130
7.326e,7.131
7.326f,7.131
7.327a,7.131
7.327a,7.132
7.327b,7.132
7.327c,7.132
7.327c,7.133
7.327d,7.133
7.327e,7.133
7.327f,7.133
7.327f,7.134
7.328a,7.135
7.328a,7.136
7.328b,7.136
7.328c,7.136
7.328c,7.137
7.328d,7.137
7.328e,7.137
7.328f,7.137
7.329a,7.137
7.329b,7.137
7.329b,7.138
7.329c,7.138
7.329d,7.138
7.329e,7.138
7.329e,7.139
7.329f,7.139
7.330a,7.139
7.330b,7.139
7.330b,7.140
7.330c,7.140
8.330d,8.1
8.331a,8.1
8.331b,8.1
8.331c,8.1
8.331c,8.2
8.331d,8.2
8.331d,8.3
8.331e,8.3
8.331f,8.3
8.332a,8.3
8.332a,8.4
8.332b,8.4
8.332b,8.5
8.332c,8.5
8.332d,8.5
8.332e,8.5
8.332e,8.6
8.332f,8.6
8.333a,8.6
8.333b,8.6
8.333b,8.7
8.333c,8.7
8.333d,8.7
8.333d,8.8
8.333e,8.8
8.333f,8.8
8.334a,8.8
8.334a,8.9
8.334b,8.9
8.334b,8.10
8.334c,8.10
8.334d,8.10
8.334e,8.11
8.334f,8.11
8.334f,8.12
8.335a,8.12
8.335b,8.12
8.335b,8.13
8.335c,8.13
8.335d,8.13
8.335e,8.13
8.335e,8.14
8.335f,8.14
8.336a,8.14
8.336b,8.14
8.336c,8.14
8.336d,8.14
8.336d,8.15
8.336e,8.15
8.336f,8.15
8.336f,8.16
8.337a,8.16
8.337a,8.17
8.337b,8.17
8.337b,8.18
8.337c,8.18
8.337d,8.18
8.337e,8.18
8.337f,8.18
8.337f,8.19
8.338a,8.19
8.338b,8.19
8.338b,8.20
8.338c,8.20
8.338d,8.20
8.338d,8.21
8.338e,8.21
8.338f,8.21
8.339a,8.21
8.339b,8.21
8.339b,8.22
8.339c,8.22
8.339d,8.23
8.339e,8.23
8.339e,8.24
8.339f,8.24
8.340a,8.24
8.340b,8.24
8.340c,8.24
8.340d,8.24
8.340e,8.24
8.340e,8.25
8.340f,8.25
8.341a,8.25
8.341a,8.26
8.341b,8.26
8.341c,8.26
8.341d,8.26
8.341e,8.26
8.341e,8.27
8.341f,8.27
8.342a,8.27
8.342b,8.27
8.342c,8.27
8.342c,8.28
8.342d,8.28
8.342e,8.28
8.342e,8.29
8.342f,8.29
8.343a,8.29
8.343b,8.29
8.343c,8.30
8.343d,8.30
8.343e,8.31
8.343f,8.31
8.344a,8.31
8.344a,8.32
8.344b,8.32
8.344c,8.32
8.344c,8.33
8.344d,8.33
8.344e,8.33
8.344f,8.33
8.344f,8.34
8.345a,8.34
8.345b,8.34
8.345b,8.35
8.345c,8.35
8.345d,8.35
8.345e,8.35
8.345f,8.36
8.346a,8.36
8.346b,8.36
8.346c,8.36
8.346c,8.37
8.346d,8.37
8.346e,8.37
8.346f,8.37
8.346f,8.38
8.347a,8.38
8.347b,8.38
8.347c,8.38
8.347d,8.39
8.347e,8.39
8.347f,8.39
8.347f,8.40
8.348a,8.40
8.348b,8.40
8.348c,8.40
8.348d,8.41
8.348e,8.41
8.348f,8.41
8.349a,8.41
8.349b,8.41
8.349c,8.41
8.349d,8.41
8.349e,8.41
8.349f,8.41
8.349f,8.42
8.350a,8.42
8.350b,8.42
8.350c,8.42
8.350d,8.42
8.350d,8.43
8.350e,8.43
8.350f,8.43
8.351a,8.43
8.351b,8.43
8.351c,8.44
8.351d,8.44
8.351e,8.44
8.351e,8.45
8.351f,8.45
8.352a,8.45
8.352b,8.45
8.352c,8.45
8.352c,8.46
8.352d,8.46
8.352d,8.47
8.352e,8.47
8.352f,8.47
8.353a,8.47
8.353a,8.48
8.353b,8.48
8.353c,8.48
8.353d,8.48
8.353e,8.48
8.353e,8.49
8.353f,8.49
8.354a,8.49
8.354a,8.50
8.354b,8.50
8.354c,8.50
8.354d,8.50
8.354e,8.50
8.354f,8.50
8.354f,8.51
8.355a,8.51
8.355b,8.51
8.355c,8.51
8.355d,8.51
8.355e,8.51
8.355e,8.52
8.355f,8.52
8.356a,8.52
8.356b,8.52
8.356b,8.53
8.356c,8.53
8.356d,8.53
8.356e,8.53
8.356f,8.53
8.357a,8.53
8.357a,8.54
8.357b,8.54
8.357c,8.54
8.357d,8.54
8.357e,8.54
8.357e,8.55
8.357f,8.55
8.358a,8.55
8.358a,8.56
8.358b,8.56
8.358c,8.56
8.358d,8.57
8.358e,8.57
8.358f,8.57
8.359a,8.57
8.359a,8.58
8.359b,8.58
8.359c,8.58
8.359d,8.58
8.359d,8.59
8.359e,8.59
8.359f,8.59
8.360a,8.59
8.360b,8.59
8.360b,8.60
8.360c,8.60
8.360d,8.60
8.360d,8.61
8.360e,8.61
8.360f,8.61
8.361a,8.61
8.361b,8.61
8.361c,8.61
8.361c,8.62
8.361d,8.62
8.361e,8.62
8.361e,8.63
8.361f,8.63
8.362a,8.63
8.362b,8.63
8.362c,8.63
8.362d,8.63
8.362d,8.64
8.362e,8.64
8.362f,8.64
8.363a,8.64
8.363b,8.64
8.363c,8.64
8.363d,8.65
8.363e,8.65
8.363f,8.65
8.363f,8.66
8.364a,8.66
8.364b,8.66
8.364c,8.66
8.364d,8.66
8.364d,8.67
8.364e,8.67
8.364f,8.68
8.365a,8.68
8.365b,8.68
8.365c,8.68
8.365d,8.68
8.365e,8.69
9.366a,9.1
9.366b,9.1
9.366c,9.1
9.366c,9.2
9.366d,9.2
9.367a,9.2
9.367b,9.2
9.367b,9.3
9.367c,9.3
9.367d,9.3
9.367d,9.4
9.367e,9.4
9.367e,9.5
9.367f,9.5
9.368a,9.5
9.368b,9.5
9.368c,9.5
9.368d,9.5
9.368d,9.6
9.368e,9.6
9.368f,9.6
9.368f,9.7
9.369a,9.7
9.369a,9.8
9.369b,9.8
9.369c,9.8
9.369d,9.8
9.369e,9.8
9.369e,9.9
9.369f,9.9
9.370a,9.9
9.370b,9.9
9.370c,9.9
9.370c,9.10
9.370d,9.10
9.370e,9.10
9.370f,9.10
9.370f,9.11
9.371a,9.11
9.371b,9.11
9.371b,9.12
9.371c,9.12
9.371d,9.12
9.371e,9.12
9.371e,9.13
9.371f,9.13
9.372a,9.13
9.372b,9.13
9.372b,9.14
9.372c,9.14
9.372d,9.14
9.372e,9.14
9.372f,9.14
9.373a,9.15
9.373b,9.15
9.373c,9.15
9.373d,9.15
9.373e,9.15
9.373e,9.16
9.373f,9.16
9.374a,9.16
9.374b,9.16
9.374c,9.16
9.374d,9.16
9.374d,9.17
9.374e,9.17
9.374f,9.17
9.375a,9.17
9.375b,9.17
9.375c,9.17
9.375d,9.17
9.375e,9.17
9.375f,9.17
9.375f,9.18
9.376a,9.18
9.376b,9.18
9.376c,9.18
9.376c,9.19
9.376d,9.19
9.376e,9.19
9.376e,9.20
9.376f,9.20
9.377a,9.20
9.377b,9.20
9.377c,9.20
9.377d,9.21
9.377e,9.21
9.377f,9.22
9.378a,9.22
9.378b,9.22
9.378c,9.22
9.378d,9.22
9.378e,9.22
9.378f,9.22
9.379a,9.22
9.379a,9.23
9.379b,9.23
9.379c,9.23
9.379c,9.24
9.379d,9.24
9.379e,9.24
9.379f,9.24
9.380a,9.24
9.380b,9.24
9.380c,9.24
9.380c,9.25
9.380d,9.25
9.380e,9.25
9.380f,9.25
9.380f,9.26
9.381a,9.26
9.381b,9.26
9.381c,9.26
9.381c,9.27
9.381d,9.27
9.381e,9.27
9.381f,9.28
9.382a,9.28
9.382b,9.28
9.382b,9.29
9.382c,9.29
9.382d,9.29
9.382e,9.29
9.382f,9.29
9.383a,9.29
9.383b,9.29
9.383b,9.30
9.383c,9.30
9.383d,9.30
9.383e,9.30
9.383e,9.31
9.383f,9.31
9.384a,9.32
9.384b,9.32
9.384c,9.32
9.384c,9.33
9.384d,9.33
9.384e,9.33
9.384f,9.33
9.384f,9.34
9.385a,9.34
9.385b,9.34
9.385c,9.34
9.385d,9.34
9.385d,9.35
9.385e,9.35
9.385f,9.35
9.386a,9.35
9.386b,9.35
9.386c,9.35
9.386c,9.36
9.386d,9.36
9.386e,9.36
9.386e,9.37
9.386f,9.37
9.387a,9.37
9.387b,9.37
9.387c,9.37
9.387c,9.38
9.387d,9.38
9.387e,9.38
9.387f,9.38
9.387f,9.39
9.388a,9.39
9.388b,9.39
9.388b,9.40
9.388c,9.40
9.388d,9.40
9.388e,9.40
9.388e,9.41
9.388f,9.41
9.389a,9.41
9.389b,9.41
9.389b,9.42
9.389c,9.42
9.389d,9.42
9.389e,9.42
9.389f,9.42
9.389f,9.43
9.390a,9.43
9.390b,9.43
9.390c,9.43
9.390d,9.43
9.390d,9.44
9.390e,9.44
9.390f,9.44
9.391a,9.44
9.391a,9.45
9.391b,9.45
9.391c,9.45
9.391d,9.45
9.391d,9.46
9.391e,9.46
9.391f,9.46
9.392a,9.46
9.392a,9.47
9.392b,9.47
9.392c,9.47
9.392d,9.47
9.392e,9.47
9.392e,9.48
9.392f,9.48
9.393a,9.48
9.393b,9.48
9.393c,9.48
9.393c,9.49
9.393d,9.49
9.393e,9.49
9.393f,9.49
9.393f,9.50
9.394a,9.50
9.394b,9.50
9.394c,9.50
9.394d,9.50
9.394d,9.51
9.394e,9.51
9.394f,9.51
9.395a,9.51
9.395b,9.51
9.395c,9.51
9.395c,9.52
9.395d,9.52
9.395e,9.52
9.395f,9.52
9.395f,9.53
9.396a,9.53
9.396b,9.53
9.396b,9.54
9.396c,9.54
9.396d,9.54
9.396e,9.54
9.396f,9.54
9.396f,9.55
9.397a,9.55
9.397a,9.56
9.397b,9.56
9.397c,9.56
9.397d,9.56
9.397e,9.57
9.397f,9.57
9.398a,9.57
9.398b,9.57
9.398b,9.58
9.398c,9.58
9.398d,9.58
9.398e,9.58
9.398f,9.58
9.399a,9.58
9.399a,9.59
9.399b,9.59
9.399c,9.59
9.399c,9.60
9.399d,9.60
9.399d,9.61
9.399e,9.61
9.399f,9.61
9.400a,9.62
9.400b,9.62
9.400c,9.62
9.400d,9.62
9.400d,9.63
9.400e,9.63
9.400f,9.63
9.401a,9.63
9.401b,9.63
9.401b,9.64
9.401c,9.64
9.401d,9.64
9.401e,9.64
9.401e,9.65
9.401f,9.65
9.402a,9.65
9.402b,9.65
9.402c,9.65
9.402c,9.66
9.402d,9.66
9.402e,9.66
9.402e,9.67
9.402f,9.67
9.403a,9.67
9.403b,9.67
9.403c,9.67
9.403d,9.67
9.403d,9.68
9.403e,9.68
9.403f,9.68
9.404a,9.68
9.404b,9.68
9.404c,9.68
9.404d,9.68
9.404e,9.68
9.404e,9.69
9.404f,9.69
9.405a,9.69
9.405b,9.69
9.405c,9.69
9.405d,9.69
9.405d,9.70
9.405e,9.70
9.405f,9.70
9.406a,9.70
9.406b,9.70
9.406b,9.71
9.406c,9.71
9.406d,9.71
9.406e,9.71
9.406e,9.72
9.406f,9.72
9.407a,9.72
9.407b,9.72
9.407c,9.72
9.407c,9.73
9.407d,9.73
9.407e,9.73
9.407f,9.73
9.408a,9.73
9.408a,9.74
9.408b,9.74
9.408b,9.75
9.408c,9.75
9.408d,9.75
9.408e,9.75
9.408f,9.75
9.408f,9.76
9.409a,9.76
9.409b,9.76
9.409c,9.76
9.409c,9.77
9.409d,9.77
9.409e,9.77
9.409f,9.77
9.409f,9.78
9.410a,9.78
9.410b,9.78
9.410b,9.79
9.410c,9.79
9.410d,9.79
9.410e,9.79
9.410f,9.79
9.410f,9.80
9.411a,9.80
10.411b,10.1
10.411c,10.1
10.411c,10.2
10.412a,10.2
10.412b,10.2
10.412b,10.3
10.412c,10.3
10.412d,10.3
10.412d,10.4
10.412e,10.4
10.412f,10.4
10.413a,10.4
10.413b,10.4
10.413c,10.4
10.413c,10.5
10.413d,10.5
10.413e,10.5
10.413f,10.5
10.413f,10.6
10.414a,10.6
10.414b,10.6
10.414c,10.6
10.414d,10.6
10.414d,10.7
10.414e,10.7
10.414f,10.7
10.415a,10.7
10.415b,10.7
10.415b,10.8
10.415c,10.8
10.415d,10.8
10.415e,10.8
10.415e,10.9
10.415f,10.9
10.416a,10.9
10.416b,10.9
10.416c,10.9
10.416c,10.10
10.416d,10.10
10.416e,10.10
10.416f,10.10
10.417a,10.10
10.417b,10.10
10.417b,10.11
10.417c,10.11
10.417d,10.11
10.417e,10.11
10.417f,10.11
10.418a,10.11
10.418b,10.11
10.418b,10.12
10.418c,10.12
10.418d,10.12
10.418e,10.12
10.418e,10.13
10.418f,10.13
10.419a,10.13
10.419a,10.14
10.419b,10.14
10.419c,10.14
10.419d,10.14
10.419e,10.14
10.419e,10.15
10.419f,10.15
10.420a,10.15
10.420b,10.15
10.420c,10.15
10.420c,10.16
10.420d,10.16
10.420e,10.16
10.420e,10.17
10.420f,10.17
10.421a,10.17
10.421b,10.17
10.421b,10.18
10.421c,10.18
10.421d,10.18
10.421e,10.18
10.421f,10.18
10.422a,10.18
10.422a,10.19
10.422b,10.19
10.422c,10.19
10.422d,10.19
10.422e,10.20
10.422f,10.20
10.423a,10.20
10.423a,10.21
10.423b,10.21
10.423c,10.21
10.423d,10.21
10.423d,10.22
10.423e,10.22
10.423f,10.22
10.424a,10.22
10.424a,10.23
10.424b,10.23
10.424c,10.23
10.424d,10.23
10.424d,10.24
10.424e,10.24
10.424f,10.24
10.425a,10.24
10.425a,10.25
10.425b,10.25
10.425c,10.25
10.425d,10.25
10.425d,10.26
10.425e,10.26
10.425f,10.26
10.425f,10.27
10.426a,10.27
10.426b,10.27
10.426c,10.27
10.426c,10.28
10.426d,10.28
10.426e,10.28
10.426f,10.28
10.427a,10.28
10.427a,10.29
10.427b,10.29
10.427c,10.29
10.427c,10.30
10.427d,10.30
10.427e,10.30
10.427e,10.31
10.427f,10.31
10.428a,10.31
10.428b,10.31
10.428b,10.32
10.428c,10.32
10.428d,10.32
10.428e,10.32
10.428e,10.33
10.428f,10.33
10.429a,10.33
10.429b,10.33
10.429b,10.34
10.429c,10.34
10.429d,10.34
10.429e,10.34
10.429f,10.34
10.429f,10.35
10.430a,10.35
10.430b,10.35
10.430c,10.35
10.430d,10.35
10.430d,10.36
10.430e,10.36
10.430f,10.36
10.430f,10.37
10.431a,10.37
10.431b,10.37
10.431c,10.37
10.431c,10.38
10.431d,10.38
10.431e,10.38
10.431f,10.38
10.431f,10.39
10.432a,10.39
10.432b,10.39
10.432b,10.40
10.432c,10.40
10.432d,10.40
10.432d,10.41
10.432e,10.41
10.432f,10.41
10.433a,10.41
10.433b,10.41
10.433b,10.42
10.433c,10.42
10.433d,10.42
10.433e,10.43
10.433f,10.43
10.434a,10.43
10.434a,10.44
10.434b,10.44
10.434c,10.44
10.434d,10.44
10.434d,10.45
10.434e,10.45
10.434f,10.45
10.435a,10.45
10.435a,10.46
10.435b,10.46
10.435c,10.46
10.435d,10.46
10.435d,10.47
10.435e,10.47
10.435f,10.47
10.436a,10.47
10.436b,10.47
10.436c,10.47
10.436d,10.47
10.436d,10.48
10.436e,10.48
10.436f,10.48
10.436f,10.49
10.437a,10.49
10.437b,10.49
10.437c,10.49
10.437d,10.49
10.437e,10.49
10.437e,10.50
10.437f,10.50
10.438a,10.50
10.438b,10.50
10.438b,10.51
10.438c,10.51
10.438d,10.51
10.438d,10.52
10.438e,10.52
10.438f,10.52
10.439a,10.52
10.439b,10.52
10.439b,10.53
10.439c,10.53
10.439d,10.53
10.439e,10.53
10.439e,10.54
10.439f,10.54
10.440a,10.54
10.440b,10.54
10.440b,10.55
10.440c,10.55
10.440d,10.55
10.440d,10.56
10.440e,10.56
10.440f,10.56
10.441a,10.56
10.441b,10.56
10.441b,10.57
10.441c,10.57
10.441d,10.57
10.441e,10.57
10.441e,10.58
10.441f,10.58
10.442a,10.58
10.442a,10.59
10.442b,10.59
10.442c,10.59
10.442d,10.59
10.442e,10.59
10.442e,10.60
10.442f,10.60
10.443a,10.60
10.443b,10.60
10.443c,10.60
10.443c,10.61
10.443d,10.61
10.443e,10.61
10.443f,10.61
10.444a,10.61
10.444b,10.61
10.444b,10.62
10.444c,10.62
10.444d,10.62
10.444d,10.63
10.444e,10.63
10.444f,10.63
10.445a,10.63
10.445b,10.63
10.445b,10.64
10.445c,10.64
10.445d,10.64
10.445e,10.64
10.445f,10.64
10.445f,10.65
10.446a,10.65
10.446b,10.65
10.446c,10.65
10.446d,10.65
10.446d,10.66
10.446e,10.66
10.446f,10.66
10.447a,10.66
10.447a,10.67
10.447b,10.67
10.447c,10.67
10.447d,10.67
10.447d,10.68
10.447e,10.68
10.447f,10.68
10.448a,10.68
10.448b,10.68
10.448b,10.69
10.448c,10.69
10.448d,10.69
10.448e,10.69
10.448e,10.70
10.448f,10.70
10.449a,10.70
10.449b,10.70
10.449c,10.70
10.449d,10.70
10.449d,10.71
10.449e,10.71
10.449f,10.71
10.450a,10.71
10.450b,10.71
10.450c,10.71
10.450c,10.72
10.450d,10.72
10.450e,10.72
10.450e,10.73
10.450f,10.73
10.451a,10.73
10.451b,10.73
10.451b,10.74
10.451c,10.74
10.451d,10.74
10.451e,10.74
10.451e,10.75
10.451f,10.75
10.452a,10.75
10.452b,10.75
10.452b,10.76
10.452c,10.76
10.452d,10.76
10.452d,10.77
10.452e,10.77
10.452e,10.78
10.452f,10.78
10.453a,10.78
10.453b,10.78
10.453c,10.78
10.453c,10.79
10.453d,10.79
10.453e,10.79
10.453f,10.79
10.454a,10.79
10.454a,10.80
10.454b,10.80
10.454c,10.80
10.454d,10.80
10.454e,10.80
10.454f,10.80
10.454f,10.81
10.455a,10.81
10.455b,10.81
10.455b,10.82
10.455c,10.82
10.455d,10.82
10.455d,10.83
10.455e,10.83
10.455f,10.83
10.456a,10.83
10.456b,10.83
10.456c,10.84
10.456d,10.84
10.456e,10.84
10.456f,10.84
10.457a,10.84
10.457a,10.85
10.457b,10.85
10.457c,10.85
10.457c,10.86
10.457d,10.86
10.457e,10.86
10.457f,10.86
10.458a,10.87
10.458b,10.87
10.458c,10.87
10.458d,10.87
10.458e,10.87
10.458f,10.87
10.458f,10.88
10.459a,10.88
10.459b,10.88
10.459b,10.89
10.459c,10.89
11.459a,11.1
11.460a,11.1
11.460b,11.1
11.460b,11.2
11.460c,11.2
11.460d,11.2
11.460d,11.3
11.460e,11.3
11.460f,11.3
11.460f,11.4
11.461a,11.4
11.461b,11.4
11.461c,11.4
11.461d,11.4
11.461e,11.4
11.461e,11.5
11.461f,11.5
11.462a,11.5
11.462a,11.6
11.462b,11.6
11.462c,11.6
11.462c,11.7
11.462d,11.7
11.462e,11.7
11.462f,11.7
11.463a,11.7
11.463a,11.8
11.463b,11.8
11.463c,11.8
11.463c,11.9
11.463d,11.9
11.463e,11.9
11.463e,11.10
11.463f,11.10
11.464a,11.10
11.464a,11.11
11.464b,11.11
11.464c,11.11
11.464d,11.11
11.464d,11.12
11.464e,11.12
11.464e,11.13
11.464f,11.13
11.465a,11.13
11.465b,11.13
11.465c,11.13
11.465c,11.14
11.465d,11.14
11.465e,11.14
11.465f,11.14
11.466a,11.14
11.466a,11.15
11.466b,11.15
11.466c,11.15
11.466d,11.15
11.781b,11.15
11.781c,11.15
11.781c,11.16
11.781d,11.16
11.781e,11.17
11.781f,11.17
11.782a,11.17
11.782a,11.18
11.782b,11.18
11.782b,11.19
11.782c,11.20
11.782d,11.20
11.782d,11.21
11.782d,11.22
11.782e,11.22
11.782f,11.22
11.782f,11.23
11.783a,11.23
11.783a,11.24
11.783b,11.24
11.783c,11.24
11.783c,11.25
11.783d,11.25
11.783e,11.25
11.783e,11.26
11.783f,11.26
11.784a,11.26
11.784a,11.27
11.784b,11.27
11.784b,11.28
11.784c,11.28
11.784d,11.29
11.784d,11.30
11.466d,11.30
11.466e,11.30
11.466f,11.30
11.467a,11.30
11.467b,11.30
11.467c,11.30
11.467c,11.31
11.467d,11.32
11.467e,11.32
11.467f,11.32
11.468a,11.33
11.468b,11.33
11.468c,11.34
11.468d,11.34
11.468e,11.34
11.468f,11.34
11.468f,11.35
11.469a,11.35
11.469a,11.36
11.469b,11.36
11.469b,11.37
11.469c,11.37
11.469c,11.38
11.469d,11.38
11.469e,11.38
11.469f,11.38
11.470a,11.39
11.470b,11.39
11.470c,11.39
11.470d,11.39
11.470d,11.40
11.470e,11.41
11.470f,11.41
11.471a,11.41
11.471b,11.41
11.471c,11.41
11.471c,11.42
11.471d,11.42
11.471e,11.42
11.471f,11.42
11.471f,11.43
11.472a,11.43
11.472b,11.43
11.472c,11.43
11.472c,11.44
11.472d,11.44
11.472e,11.44
11.472e,11.45
11.472f,11.45
11.473a,11.45
11.473b,11.45
11.473b,11.46
11.473c,11.46
11.473d,11.47
11.473e,11.47
11.473f,11.47
11.474a,11.47
11.474a,11.48
11.474b,11.48
11.474c,11.48
11.474d,11.48
11.474e,11.48
11.474e,11.49
11.474f,11.49
11.475a,11.49
11.475b,11.49
11.475c,11.49
11.475c,11.50
11.475d,11.50
11.475e,11.50
11.475f,11.50
11.476a,11.51
11.476b,11.51
11.476c,11.51
11.476d,11.51
11.476e,11.51
11.476e,11.52
11.476f,11.52
11.476f,11.53
11.477a,11.53
11.477b,11.53
11.477c,11.53
11.477d,11.53
11.477e,11.53
11.477e,11.54
11.477f,11.54
11.477f,11.55
11.478a,11.55
11.478b,11.55
11.478b,11.56
11.478c,11.56
11.478d,11.56
11.478d,11.57
11.478e,11.57
11.478f,11.57
11.479a,11.57
11.479b,11.57
11.479c,11.57
11.479c,11.58
11.479d,11.58
11.479e,11.58
11.479f,11.59
11.480a,11.59
11.480b,11.59
11.480b,11.60
11.480c,11.60
11.480d,11.60
11.480d,11.61
11.480e,11.61
11.480f,11.61
11.481a,11.61
11.481a,11.62
11.481b,11.62
11.481c,11.62
11.481d,11.62
11.481d,11.63
11.481e,11.63
11.481f,11.63
11.482a,11.63
11.482a,11.64
11.482b,11.64
11.482c,11.64
11.482d,11.64
11.482e,11.64
11.482e,11.65
11.482f,11.65
11.483a,11.65
11.483b,11.66
11.483c,11.66
11.483d,11.66
11.483e,11.66
11.483f,11.66
11.483f,11.67
11.484a,11.67
11.484b,11.67
11.484c,11.67
11.484c,11.68
11.484d,11.68
11.484e,11.68
11.484f,11.68
11.484f,11.69
11.484f,11.70
11.485a,11.70
11.485b,11.70
11.485c,11.70
11.485d,11.70
11.485e,11.70
11.485f,11.70
11.486a,11.70
11.486a,11.71
11.486b,11.71
11.486c,11.71
11.486c,11.72
11.486d,11.72
11.486e,11.72
11.486e,11.73
11.486f,11.73
11.487a,11.73
11.487b,11.73
11.487b,11.74
11.487c,11.74
11.487c,11.75
11.487d,11.75
11.487e,11.75
11.487f,11.75
11.487f,11.76
11.488a,11.76
11.488b,11.76
11.488c,11.76
11.488d,11.76
11.488d,11.77
11.488e,11.77
11.488f,11.77
11.489a,11.77
11.489b,11.77
11.489c,11.77
11.489c,11.78
11.489d,11.78
11.489e,11.78
11.489e,11.79
11.489f,11.79
11.490a,11.79
11.490b,11.79
11.490c,11.79
11.490d,11.79
11.490e,11.79
11.490e,11.80
11.490f,11.80
11.491a,11.80
11.491b,11.80
11.491c,11.80
11.491d,11.80
11.491d,11.81
11.491e,11.81
11.491f,11.81
11.492a,11.81
11.492a,11.82
11.492b,11.82
11.492c,11.82
11.492d,11.82
11.492d,11.83
11.492e,11.83
11.492f,11.83
11.492f,11.84
11.493a,11.84
11.493b,11.84
11.493c,11.84
11.493c,11.85
11.493d,11.85
11.493e,11.85
11.493f,11.85
11.494a,11.85
11.494b,11.85
11.494b,11.86
11.494b,11.87
11.494c,11.87
11.494d,11.87
11.494e,11.87
11.494f,11.87
11.494f,11.88
11.494f,11.89
11.495a,11.89
11.495a,11.90
11.495b,11.90
11.495c,11.90
11.495c,11.91
11.495d,11.91
11.495e,11.91
11.495e,11.92
11.495f,11.92
11.496a,11.92
11.496a,11.93
11.496b,11.93
11.496c,11.94
11.496d,11.94
11.496e,11.94
11.496e,11.95
11.496e,11.96
11.496f,11.96
11.496f,11.97
11.497a,11.97
11.497b,11.97
11.497c,11.97
11.497d,11.97
11.497e,11.97
11.497e,11.98
11.497f,11.98
11.498a,11.98
11.498a,11.99
11.498b,11.99
11.498c,11.99
11.498d,11.99
11.498e,11.99
11.498f,11.99
11.499a,11.99
11.499b,11.99
11.499b,11.100
11.499c,11.100
11.499d,11.100
11.499e,11.100
11.499e,11.101
11.499f,11.101
11.500a,11.101
11.500b,11.101
11.500c,11.101
11.500d,11.102
11.500e,11.102
11.500f,11.102
11.500f,11.103
11.501a,11.103
11.501b,11.103
11.501c,11.103
11.501d,11.103
11.501d,11.104
11.501e,11.104
11.501f,11.104
11.502a,11.104
11.502a,11.105
11.502b,11.105
11.502b,11.106
11.502b,11.107
11.502c,11.107
11.502c,11.108
11.502d,11.108
11.502e,11.108
11.502f,11.108
11.503a,11.108
11.503a,11.109
11.503b,11.109
11.503c,11.109
11.503d,11.109
11.503d,11.110
11.503e,11.110
11.503f,11.110
11.503f,11.111
11.504a,11.111
11.504b,11.111
11.504c,11.111
11.504d,11.111
11.504e,11.111
11.504e,11.112
11.504f,11.112
11.505a,11.112
11.505b,11.112
11.505c,11.112
11.505d,11.112
11.505d,11.113
11.505e,11.113
11.505f,11.113
11.506a,11.113
11.506a,11.114
11.506b,11.114
11.506c,11.114
11.506d,11.114
11.506d,11.115
11.506e,11.115
11.506f,11.115
11.507a,11.115
11.507a,11.116
11.507b,11.116
11.507c,11.116
11.507d,11.116
11.507e,11.116
11.507e,11.117
11.507f,11.117
11.508a,11.117
11.508b,11.117
11.508b,11.118
11.508c,11.118
11.508d,11.118
11.508d,11.119
11.508e,11.119
11.508f,11.119
11.509a,11.119
11.509b,11.119
11.509b,11.120
11.509c,11.120
11.509d,11.120
11.509e,11.120
12.510a,12.1
12.510b,12.1
12.510b,12.2
12.510c,12.2
12.510d,12.2
12.511a,12.2
12.511a,12.3
12.511b,12.3
12.511c,12.3
12.511d,12.3
12.511d,12.4
12.511e,12.4
12.511f,12.4
12.512a,12.4
12.512a,12.5
12.512b,12.5
12.512c,12.5
12.512d,12.5
12.512e,12.6
12.512f,12.6
12.513a,12.6
12.513a,12.7
12.513b,12.7
12.513c,12.7
12.513d,12.7
12.513e,12.7
12.513e,12.8
12.513f,12.8
12.514a,12.8
12.514b,12.8
12.514c,12.8
12.514c,12.9
12.514d,12.9
12.514e,12.9
12.514f,12.9
12.515a,12.9
12.515a,12.10
12.515b,12.10
12.515c,12.10
12.515d,12.10
12.515d,12.11
12.515e,12.11
12.515f,12.11
12.516a,12.11
12.516b,12.11
12.516c,12.11
12.516c,12.12
12.516d,12.12
12.516e,12.12
12.516f,12.12
12.517a,12.12
12.517b,12.13
12.517c,12.13
12.517d,12.14
12.517e,12.14
12.517f,12.14
12.518a,12.14
12.518b,12.14
12.518c,12.15
12.518d,12.15
12.518e,12.15
12.518e,12.16
12.518f,12.16
12.519a,12.16
12.519b,12.16
12.519b,12.17
12.519c,12.17
12.519d,12.17
12.519e,12.17
12.519e,12.18
12.519f,12.18
12.520a,12.18
12.520b,12.18
12.520c,12.18
12.520c,12.19
12.520d,12.19
12.520e,12.19
12.520f,12.19
12.521a,12.19
12.521b,12.19
12.521b,12.20
12.521c,12.20
12.521d,12.20
12.521d,12.21
12.521e,12.21
12.521f,12.21
12.522a,12.21
12.522a,12.22
12.522b,12.22
12.522c,12.22
12.522d,12.22
12.522d,12.23
12.522e,12.23
12.522f,12.23
12.522f,12.24
12.523a,12.24
12.523b,12.24
12.523b,12.25
12.523c,12.25
12.523d,12.25
12.523e,12.25
12.523e,12.26
12.523f,12.26
12.524a,12.26
12.524b,12.26
12.524c,12.26
12.524c,12.27
12.524d,12.27
12.524e,12.27
12.524f,12.27
12.524f,12.28
12.525a,12.28
12.525b,12.28
12.525b,12.29
12.525c,12.29
12.525d,12.29
12.525e,12.29
12.525e,12.30
12.525f,12.30
12.526a,12.30
12.526a,12.31
12.526b,12.31
12.526c,12.31
12.526d,12.31
12.526d,12.32
12.526e,12.32
12.526f,12.32
12.527a,12.32
12.527a,12.33
12.527b,12.33
12.527c,12.33
12.527c,12.34
12.527d,12.34
12.527e,12.34
12.527e,12.35
12.527f,12.35
12.528a,12.35
12.528a,12.36
12.528b,12.36
12.528c,12.36
12.528c,12.37
12.528d,12.37
12.528e,12.37
12.528e,12.38
12.528f,12.38
12.529a,12.38
12.529b,12.38
12.529c,12.38
12.529d,12.38
12.529d,12.39
12.529e,12.39
12.529f,12.39
12.530a,12.39
12.530b,12.39
12.530c,12.39
12.530c,12.40
12.530d,12.40
12.530e,12.40
12.530f,12.40
12.531a,12.40
12.531a,12.41
12.531b,12.41
12.531c,12.41
12.531d,12.41
12.531e,12.41
12.531e,12.42
12.531f,12.42
12.532a,12.42
12.532a,12.43
12.532b,12.43
12.532c,12.43
12.532d,12.43
12.532e,12.43
12.532f,12.43
12.532f,12.44
12.533a,12.44
12.533b,12.44
12.533c,12.44
12.533c,12.45
12.533d,12.45
12.533e,12.45
12.533e,12.46
12.533f,12.46
12.534a,12.46
12.534b,12.46
12.534b,12.47
12.534c,12.47
12.534d,12.47
12.534e,12.47
12.534f,12.47
12.534f,12.48
12.535a,12.48
12.535b,12.48
12.535c,12.48
12.535c,12.49
12.535d,12.49
12.535e,12.49
12.535e,12.50
12.535f,12.50
12.536a,12.50
12.536b,12.50
12.536b,12.51
12.536c,12.51
12.536d,12.51
12.536e,12.51
12.536f,12.52
12.537a,12.52
12.537b,12.52
12.537c,12.52
12.537d,12.53
12.537e,12.53
12.537f,12.53
12.538a,12.53
12.538b,12.53
12.538b,12.54
12.538c,12.54
12.538d,12.54
12.538e,12.54
12.538f,12.54
12.539a,12.54
12.539a,12.55
12.539b,12.55
12.539c,12.55
12.539d,12.55
12.539e,12.55
12.539f,12.55
12.540a,12.55
12.540a,12.56
12.540b,12.56
12.540c,12.56
12.540c,12.57
12.540d,12.57
12.540e,12.57
12.540f,12.57
12.541a,12.57
12.541a,12.58
12.541b,12.58
12.541c,12.58
12.541d,12.58
12.541e,12.58
12.541e,12.59
12.541f,12.59
12.542a,12.59
12.542b,12.59
12.542b,12.60
12.542c,12.60
12.542d,12.60
12.542e,12.60
12.542f,12.60
12.543a,12.60
12.543a,12.61
12.543b,12.61
12.543c,12.61
12.543c,12.62
12.543d,12.62
12.543e,12.62
12.543f,12.62
12.544a,12.62
12.544a,12.63
12.544b,12.63
12.544c,12.63
12.544d,12.63
12.544e,12.63
12.544f,12.63
12.545a,12.63
12.545a,12.64
12.545b,12.64
12.545c,12.64
12.545d,12.64
12.545e,12.64
12.545f,12.64
12.545f,12.65
12.546a,12.65
12.546b,12.65
12.546c,12.65
12.546c,12.66
12.546d,12.66
12.546e,12.67
12.546f,12.67
12.547a,12.67
12.547a,12.68
12.547b,12.68
12.547c,12.68
12.547d,12.69
12.547e,12.69
12.547f,12.69
12.548a,12.69
12.548b,12.69
12.548b,12.70
12.548c,12.70
12.548c,12.71
12.548d,12.71
12.548e,12.71
12.548f,12.71
12.548f,12.72
12.549a,12.72
12.549b,12.72
12.549c,12.72
12.549d,12.72
12.549d,12.73
12.549e,12.73
12.549f,12.73
12.550a,12.73
12.550b,12.73
12.550b,12.74
12.550c,12.74
12.550d,12.74
12.550e,12.74
12.550f,12.74
12.550f,12.75
12.551a,12.75
12.551b,12.75
12.551c,12.75
12.551d,12.76
12.551e,12.76
12.551f,12.76
12.552a,12.76
12.552b,12.76
12.552b,12.77
12.552c,12.77
12.552d,12.77
12.552e,12.77
12.552f,12.77
12.553a,12.77
12.553a,12.78
12.553b,12.78
12.553c,12.78
12.553d,12.78
12.553e,12.78
12.553e,12.79
12.553f,12.79
12.554a,12.79
12.554b,12.79
12.554c,12.80
12.554d,12.80
12.554e,12.80
12.554e,12.81
12.554f,12.81
13.555a,13.1
13.555b,13.1
13.555b,13.2
13.555c,13.2
13.555d,13.2
13.556a,13.2
13.556b,13.2
13.556b,13.3
13.556c,13.3
13.556d,13.3
13.556e,13.3
13.556e,13.4
13.556f,13.4
13.557a,13.4
13.557b,13.4
13.557b,13.5
13.557c,13.5
13.557d,13.5
13.557e,13.5
13.557e,13.6
13.557f,13.6
13.558a,13.6
13.558b,13.6
13.558c,13.6
13.558d,13.6
13.558e,13.6
13.558e,13.7
13.558f,13.7
13.559a,13.7
13.559b,13.7
13.559b,13.8
13.559c,13.8
13.559d,13.8
13.559e,13.8
13.559f,13.8
13.559f,13.9
13.560a,13.9
13.560b,13.10
13.560c,13.10
13.560d,13.10
13.560e,13.10
13.560f,13.10
13.561a,13.11
13.561b,13.11
13.561c,13.11
13.561c,13.12
13.561d,13.12
13.561e,13.12
13.561f,13.12
13.562a,13.12
13.562a,13.13
13.562b,13.13
13.562c,13.13
13.562d,13.13
13.562e,13.13
13.562e,13.14
13.562f,13.14
13.563a,13.14
13.563b,13.14
13.563c,13.14
13.563d,13.14
13.563d,13.15
13.563e,13.15
13.563f,13.15
13.563f,13.16
13.564a,13.16
13.564b,13.16
13.564c,13.16
13.564c,13.17
13.564d,13.17
13.564e,13.17
13.564f,13.17
13.564f,13.18
13.565a,13.18
13.565b,13.18
13.565c,13.18
13.565d,13.18
13.565d,13.19
13.565e,13.19
13.565f,13.19
13.565f,13.20
13.566a,13.20
13.566b,13.20
13.566c,13.20
13.566d,13.20
13.566e,13.20
13.566e,13.21
13.566f,13.21
13.567a,13.21
13.567b,13.21
13.567c,13.21
13.567d,13.21
13.567d,13.22
13.567e,13.22
13.567f,13.22
13.568a,13.23
13.568b,13.23
13.568c,13.23
13.568d,13.23
13.568d,13.24
13.568e,13.24
13.568f,13.24
13.569a,13.24
13.569b,13.24
13.569c,13.24
13.569d,13.24
13.569d,13.25
13.569e,13.25
13.569f,13.25
13.570a,13.25
13.570b,13.25
13.570b,13.26
13.570c,13.26
13.570d,13.26
13.570e,13.26
13.570e,13.27
13.570f,13.27
13.571a,13.27
13.571b,13.27
13.571b,13.28
13.571c,13.28
13.571d,13.28
13.571e,13.28
13.571e,13.29
13.571f,13.29
13.572a,13.29
13.572b,13.29
13.572b,13.30
13.572c,13.30
13.572d,13.30
13.572d,13.31
13.572e,13.31
13.572f,13.31
13.573a,13.31
13.573b,13.31
13.573b,13.32
13.573c,13.32
13.573d,13.32
13.573e,13.32
13.573e,13.33
13.573f,13.33
13.574a,13.33
13.574b,13.33
13.574c,13.33
13.574c,13.34
13.574d,13.34
13.574e,13.34
13.574f,13.34
13.575a,13.34
13.575a,13.35
13.575b,13.35
13.575c,13.35
13.575d,13.35
13.575e,13.35
13.575f,13.35
13.575f,13.36
13.576a,13.36
13.576b,13.36
13.576c,13.37
13.576d,13.37
13.576e,13.37
13.576f,13.37
13.577a,13.37
13.577a,13.38
13.577b,13.38
13.577c,13.38
13.577d,13.38
13.577d,13.39
13.577e,13.39
13.577f,13.39
13.577f,13.40
13.578a,13.40
13.578b,13.40
13.578b,13.41
13.578c,13.41
13.578d,13.41
13.578e,13.41
13.578e,13.42
13.578f,13.42
13.579a,13.42
13.579b,13.42
13.579c,13.42
13.579d,13.42
13.579d,13.43
13.579e,13.43
13.579f,13.43
13.580a,13.43
13.580b,13.43
13.580c,13.43
13.580d,13.43
13.580e,13.43
13.580f,13.43
13.581a,13.43
13.581a,13.44
13.581b,13.44
13.581c,13.44
13.581d,13.44
13.581e,13.44
13.581f,13.44
13.582a,13.44
13.582b,13.44
13.582c,13.44
13.582c,13.45
13.582d,13.45
13.582e,13.45
13.582f,13.45
13.583a,13.45
13.583b,13.45
13.583c,13.45
13.583d,13.45
13.583d,13.46
13.583e,13.46
13.583f,13.46
13.584a,13.46
13.584b,13.46
13.584b,13.47
13.584c,13.47
13.584d,13.47
13.584e,13.47
13.584f,13.47
13.584f,13.48
13.585a,13.48
13.585b,13.48
13.585b,13.49
13.585c,13.49
13.585d,13.49
13.585e,13.49
13.585f,13.49
13.585f,13.50
13.586a,13.50
13.586b,13.50
13.586c,13.50
13.586d,13.50
13.586e,13.51
13.586f,13.51
13.587a,13.51
13.587b,13.51
13.587c,13.51
13.587c,13.52
13.587d,13.52
13.587e,13.52
13.587f,13.52
13.587f,13.53
13.588a,13.53
13.588b,13.53
13.588b,13.54
13.588c,13.54
13.588d,13.54
13.588e,13.54
13.588e,13.55
13.588f,13.55
13.589a,13.55
13.589b,13.55
13.589c,13.55
13.589c,13.56
13.589d,13.56
13.589e,13.56
13.589f,13.56
13.590a,13.56
13.590a,13.57
13.590b,13.57
13.590c,13.57
13.590c,13.58
13.590d,13.58
13.590d,13.59
13.590e,13.59
13.590f,13.59
13.591a,13.59
13.591b,13.59
13.591c,13.59
13.591c,13.60
13.591d,13.60
13.591e,13.60
13.591f,13.60
13.591f,13.61
13.592a,13.61
13.592b,13.61
13.592b,13.62
13.592c,13.62
13.592d,13.62
13.592e,13.62
13.592e,13.63
13.592f,13.63
13.593a,13.63
13.593a,13.64
13.593b,13.64
13.593c,13.64
13.593d,13.64
13.593e,13.64
13.593e,13.65
13.593f,13.65
13.594a,13.65
13.594b,13.65
13.594b,13.66
13.594c,13.66
13.594d,13.66
13.594d,13.67
13.594e,13.67
13.594f,13.67
13.595a,13.67
13.595b,13.67
13.595c,13.67
13.595d,13.67
13.595d,13.68
13.595e,13.68
13.595f,13.68
13.596a,13.68
13.596b,13.68
13.596b,13.69
13.596c,13.69
13.596d,13.69
13.596e,13.69
13.596e,13.70
13.596f,13.70
13.597a,13.70
13.597b,13.70
13.597b,13.71
13.597c,13.71
13.597d,13.71
13.597e,13.71
13.597f,13.71
13.598a,13.71
13.598b,13.71
13.598c,13.71
13.598d,13.71
13.598e,13.71
13.598f,13.71
13.599a,13.71
13.599b,13.71
13.599c,13.72
13.599d,13.72
13.599e,13.72
13.599f,13.72
13.599f,13.73
13.600a,13.73
13.600b,13.73
13.600b,13.74
13.600c,13.74
13.600d,13.74
13.600e,13.74
13.600f,13.75
13.601a,13.75
13.601b,13.75
13.601b,13.76
13.601c,13.76
13.601d,13.76
13.601e,13.76
13.601e,13.77
13.601f,13.77
13.602a,13.78
13.602b,13.78
13.602c,13.78
13.602d,13.78
13.602d,13.79
13.602e,13.79
13.602f,13.79
13.603a,13.79
13.603a,13.80
13.603b,13.80
13.603c,13.80
13.603d,13.80
13.603e,13.80
13.603e,13.81
13.603f,13.81
13.604a,13.81
13.604b,13.81
13.604c,13.81
13.604d,13.81
13.604d,13.82
13.604e,13.82
13.604f,13.82
13.604f,13.83
13.605a,13.83
13.605b,13.83
13.605c,13.83
13.605d,13.83
13.605d,13.84
13.605e,13.84
13.605f,13.84
13.606a,13.84
13.606b,13.84
13.606b,13.85
13.606c,13.85
13.606d,13.85
13.606e,13.85
13.606f,13.85
13.607a,13.85
13.607a,13.86
13.607b,13.86
13.607c,13.86
13.607d,13.86
13.607e,13.86
13.607f,13.86
13.607f,13.87
13.608a,13.87
13.608b,13.87
13.608c,13.87
13.608d,13.88
13.608e,13.88
13.608f,13.88
13.608f,13.89
13.609a,13.89
13.609b,13.89
13.609c,13.89
13.609d,13.89
13.609e,13.89
13.609e,13.90
13.609f,13.90
13.610a,13.90
13.610b,13.90
13.610b,13.91
13.610c,13.91
13.610d,13.91
13.610d,13.92
13.610e,13.92
13.610f,13.92
13.611a,13.92
13.611b,13.92
13.611b,13.93
13.611c,13.93
13.611d,13.93
13.611e,13.93
13.611e,13.94
13.611f,13.94
13.612a,13.94
13.612b,13.94
13.612b,13.95
13.612c,13.95
13.612d,13.95
13.612e,13.95
13.612f,13.95
14.613a,14.1
14.613b,14.1
14.613c,14.1
14.613c,14.2
14.613d,14.2
14.614a,14.2
14.614b,14.2
14.614c,14.2
14.614c,14.3
14.614d,14.3
14.614e,14.3
14.614f,14.3
14.615a,14.3
14.615a,14.4
14.615b,14.4
14.615c,14.4
14.615d,14.4
14.615e,14.4
14.615e,14.5
14.615f,14.5
14.616a,14.5
14.616b,14.5
14.616b,14.6
14.616c,14.6
14.616d,14.6
14.616e,14.6
14.616e,14.7
14.616f,14.7
14.617a,14.7
14.617b,14.7
14.617b,14.8
14.617c,14.8
14.617d,14.8
14.617e,14.8
14.617f,14.8
14.617f,14.9
14.618a,14.9
14.618b,14.9
14.618c,14.9
14.618c,14.10
14.618d,14.10
14.618e,14.10
14.618f,14.10
14.619a,14.10
14.619b,14.10
14.619c,14.10
14.619c,14.11
14.619d,14.11
14.619e,14.11
14.619f,14.11
14.620a,14.11
14.620a,14.12
14.620b,14.12
14.620c,14.12
14.620d,14.12
14.620d,14.13
14.620e,14.13
14.620f,14.13
14.621a,14.13
14.621b,14.13
14.621b,14.14
14.621c,14.14
14.621d,14.14
14.621d,14.15
14.621e,14.15
14.621f,14.15
14.622a,14.15
14.622a,14.16
14.622b,14.16
14.622c,14.16
14.622d,14.16
14.622d,14.17
14.622e,14.17
14.622f,14.17
14.623a,14.17
14.623b,14.17
14.623c,14.17
14.623d,14.17
14.623e,14.18
14.623f,14.18
14.624a,14.18
14.624b,14.18
14.624c,14.18
14.624c,14.19
14.624d,14.19
14.624e,14.19
14.624f,14.19
14.625a,14.19
14.625b,14.19
14.625b,14.20
14.625c,14.20
14.625d,14.20
14.625e,14.20
14.625e,14.21
14.625f,14.21
14.626a,14.21
14.626a,14.22
14.626b,14.22
14.626c,14.22
14.626d,14.22
14.626e,14.22
14.626f,14.22
14.626f,14.23
14.627a,14.23
14.627b,14.23
14.627c,14.23
14.627d,14.23
14.627d,14.24
14.627e,14.24
14.627f,14.24
14.628a,14.24
14.628b,14.24
14.628b,14.25
14.628c,14.25
14.628d,14.25
14.628e,14.25
14.628f,14.25
14.629a,14.26
14.629b,14.26
14.629c,14.26
14.629d,14.26
14.629d,14.27
14.629e,14.27
14.629f,14.27
14.630a,14.27
14.630b,14.28
14.630c,14.28
14.630d,14.28
14.630e,14.28
14.630e,14.29
14.630f,14.29
14.631a,14.29
14.631b,14.29
14.631b,14.30
14.631c,14.30
14.631d,14.30
14.631e,14.30
14.631e,14.31
14.631f,14.31
14.632a,14.31
14.632b,14.31
14.632b,14.32
14.632c,14.32
14.632d,14.32
14.632e,14.32
14.632f,14.32
14.632f,14.33
14.633a,14.33
14.633b,14.33
14.633c,14.33
14.633d,14.33
14.633e,14.33
14.633e,14.34
14.633f,14.34
14.634a,14.34
14.634b,14.34
14.634b,14.35
14.634c,14.35
14.634d,14.35
14.634e,14.35
14.634e,14.36
14.634f,14.36
14.635a,14.36
14.635b,14.36
14.635c,14.36
14.635c,14.37
14.635d,14.37
14.635e,14.37
14.635f,14.37
14.636a,14.37
14.636a,14.38
14.636b,14.38
14.636c,14.38
14.636c,14.39
14.636d,14.39
14.636e,14.39
14.636e,14.40
14.636f,14.40
14.637a,14.40
14.637b,14.40
14.637b,14.41
14.637c,14.41
14.637d,14.41
14.637e,14.41
14.637f,14.41
14.637f,14.42
14.638a,14.42
14.638b,14.42
14.638c,14.42
14.638d,14.42
14.638d,14.43
14.638e,14.43
14.638f,14.43
14.639a,14.43
14.639b,14.44
14.639c,14.44
14.639d,14.44
14.639d,14.45
14.639e,14.45
14.639f,14.45
14.640a,14.45
14.640a,14.46
14.640b,14.46
14.640c,14.46
14.640d,14.46
14.640e,14.46
14.640e,14.47
14.640f,14.47
14.641a,14.47
14.641b,14.47
14.641c,14.47
14.641c,14.48
14.641d,14.48
14.641e,14.48
14.641f,14.48
14.641f,14.49
14.642a,14.49
14.642b,14.49
14.642c,14.49
14.642d,14.49
14.642e,14.49
14.642e,14.50
14.642f,14.50
14.643a,14.50
14.643b,14.50
14.643c,14.50
14.643d,14.50
14.643e,14.50
14.643e,14.51
14.643f,14.51
14.644a,14.51
14.644b,14.51
14.644c,14.51
14.644c,14.52
14.644d,14.52
14.644e,14.52
14.644f,14.52
14.644f,14.53
14.645a,14.53
14.645b,14.53
14.645c,14.53
14.645d,14.53
14.645e,14.54
14.645f,14.54
14.646a,14.54
14.646b,14.55
14.646c,14.55
14.646d,14.55
14.646e,14.55
14.646e,14.56
14.646f,14.56
14.647a,14.56
14.647b,14.56
14.647c,14.56
14.647c,14.57
14.647d,14.57
14.647e,14.57
14.647f,14.57
14.648a,14.57
14.648b,14.57
14.648b,14.58
14.648c,14.58
14.648c,14.59
14.648d,14.59
14.648e,14.59
14.648e,14.60
14.648f,14.60
14.649a,14.60
14.649b,14.60
14.649c,14.60
14.649c,14.61
14.649d,14.61
14.649e,14.61
14.649e,14.62
14.649f,14.62
14.650a,14.62
14.650b,14.62
14.650b,14.63
14.650c,14.63
14.650d,14.63
14.650e,14.63
14.650e,14.64
14.650f,14.64
14.651a,14.64
14.651b,14.64
14.651b,14.65
14.651c,14.65
14.651d,14.65
14.651e,14.65
14.651f,14.65
14.651f,14.66
14.652a,14.66
14.652b,14.66
14.652b,14.67
14.652c,14.67
14.652d,14.67
14.652e,14.67
14.652f,14.67
14.653a,14.67
14.653b,14.67
14.653b,14.68
14.653c,14.68
14.653d,14.68
14.653e,14.68
14.653f,14.68
14.654a,14.68
14.654a,14.69
14.654b,14.69
14.654c,14.69
14.654d,14.69
14.654d,14.70
14.654e,14.70
14.654f,14.70
14.655a,14.70
14.655b,14.70
14.655b,14.71
14.655c,14.71
14.655d,14.71
14.655e,14.71
14.655f,14.72
14.656a,14.72
14.656b,14.72
14.656c,14.73
14.656d,14.73
14.656e,14.73
14.656e,14.74
14.656f,14.74
14.657a,14.74
14.657b,14.74
14.657c,14.74
14.657d,14.74
14.657e,14.74
14.657e,14.75
14.657f,14.75
14.658a,14.75
14.658a,14.76
14.658b,14.76
14.658c,14.76
14.658d,14.76
14.658e,14.76
14.658e,14.77
14.658f,14.77
14.659a,14.77
14.659b,14.77
14.659c,14.77
14.659d,14.77
14.659d,14.78
14.659e,14.78
14.659f,14.78
14.660a,14.78
14.660a,14.79
14.660b,14.79
14.660c,14.79
14.660d,14.79
14.660d,14.80
14.660e,14.80
14.660f,14.80
14.661a,14.80
14.661b,14.80
14.661c,14.80
14.661d,14.80
14.661d,14.81
14.661e,14.81
14.661f,14.81
14.662a,14.81
14.662b,14.81
14.662c,14.81
14.662d,14.81
14.662d,14.82
14.662e,14.82
14.662e,14.83
14.662f,14.83
14.663a,14.83
14.663b,14.83
14.663c,14.83
14.663d,14.83
14.663d,14.84
14.663e,14.84
14.663f,14.84
14.664a,14.84
14.664b,14.84
14.664c,14.84
14.664d,14.84
14.664e,14.84
14.664f,14.84
15.665a,15.1
15.665b,15.1
15.665c,15.1
15.665d,15.1
15.665d,15.2
15.665e,15.2
15.666a,15.2
15.666b,15.2
15.666c,15.2
15.666c,15.3
15.666d,15.3
15.666e,15.3
15.666e,15.4
15.666f,15.4
15.667a,15.4
15.667b,15.4
15.667b,15.5
15.667c,15.5
15.667d,15.5
15.667e,15.5
15.667e,15.6
15.667f,15.6
15.668a,15.6
15.668b,15.6
15.668c,15.6
15.668c,15.7
15.668d,15.7
15.668e,15.7
15.668f,15.7
15.668f,15.8
15.669a,15.8
15.669b,15.8
15.669c,15.8
15.669d,15.8
15.669d,15.9
15.669e,15.9
15.669f,15.9
15.670a,15.9
15.670b,15.9
15.670c,15.9
15.670d,15.9
15.670e,15.9
15.670f,15.9
15.670f,15.10
15.671a,15.10
15.671b,15.10
15.671b,15.11
15.671c,15.11
15.671d,15.11
15.671e,15.11
15.671f,15.11
15.671f,15.12
15.672a,15.12
15.672b,15.12
15.672c,15.12
15.672d,15.12
15.672e,15.12
15.672e,15.13
15.672f,15.13
15.673a,15.13
15.673b,15.13
15.673b,15.14
15.673c,15.14
15.673d,15.14
15.673d,15.15
15.673e,15.15
15.673f,15.15
15.674a,15.15
15.674b,15.15
15.674b,15.16
15.674c,15.16
15.674d,15.16
15.674e,15.16
15.674f,15.16
15.675a,15.16
15.675a,15.17
15.675b,15.17
15.675c,15.17
15.675d,15.17
15.675e,15.17
15.675f,15.17
15.675f,15.18
15.676a,15.18
15.676b,15.18
15.676c,15.18
15.676d,15.18
15.676e,15.18
15.676e,15.19
15.676f,15.19
15.677a,15.19
15.677b,15.19
15.677b,15.20
15.677c,15.20
15.677d,15.20
15.677d,15.21
15.677e,15.21
15.677f,15.21
15.678a,15.22
15.678b,15.22
15.678c,15.22
15.678d,15.22
15.678e,15.23
15.678f,15.23
15.679a,15.23
15.679b,15.23
15.679b,15.24
15.679c,15.24
15.679d,15.24
15.679e,15.24
15.679e,15.25
15.679f,15.25
15.680a,15.25
15.680b,15.25
15.680c,15.25
15.680c,15.26
15.680d,15.26
15.680e,15.26
15.680e,15.27
15.680f,15.27
15.681a,15.27
15.681b,15.27
15.681b,15.28
15.681c,15.28
15.681d,15.28
15.681e,15.28
15.681f,15.28
15.682a,15.28
15.682b,15.28
15.682b,15.29
15.682c,15.29
15.682d,15.29
15.682d,15.30
15.682e,15.30
15.682f,15.30
15.683a,15.31
15.683b,15.31
15.683c,15.31
15.683d,15.31
15.683e,15.31
15.683f,15.31
15.684a,15.31
15.684b,15.31
15.684c,15.31
15.684d,15.31
15.684d,15.32
15.684e,15.32
15.684f,15.32
15.685a,15.32
15.685b,15.32
15.685c,15.32
15.685c,15.33
15.685d,15.33
15.685e,15.33
15.685f,15.33
15.686a,15.33
15.686b,15.33
15.686c,15.33
15.686c,15.34
15.686d,15.34
15.686e,15.34
15.686f,15.34
15.687a,15.34
15.687a,15.35
15.687b,15.35
15.687c,15.35
15.687d,15.35
15.687d,15.36
15.687e,15.36
15.687f,15.36
15.688a,15.36
15.688b,15.36
15.688c,15.36
15.688c,15.37
15.688d,15.37
15.688e,15.37
15.688e,15.38
15.688f,15.38
15.689a,15.38
15.689b,15.38
15.689b,15.39
15.689c,15.39
15.689d,15.39
15.689e,15.39
15.689e,15.40
15.689f,15.40
15.690a,15.40
15.690a,15.41
15.690b,15.41
15.690c,15.41
15.690d,15.41
15.690d,15.42
15.690e,15.42
15.690f,15.42
15.691a,15.42
15.691b,15.42
15.691b,15.43
15.691c,15.43
15.691c,15.44
15.691d,15.44
15.691e,15.44
15.691f,15.44
15.691f,15.45
15.692a,15.45
15.692b,15.45
15.692c,15.45
15.692c,15.46
15.692d,15.46
15.692e,15.46
15.692f,15.46
15.692f,15.47
15.693a,15.47
15.693b,15.47
15.693c,15.47
15.693c,15.48
15.693d,15.48
15.693e,15.48
15.693f,15.48
15.693f,15.49
15.694a,15.49
15.694b,15.49
15.694c,15.49
15.694c,15.50
15.694d,15.50
15.694e,15.50
15.694f,15.50
15.695a,15.50
15.695b,15.50
15.695c,15.50
15.695d,15.50
15.695e,15.50
15.695f,15.50
15.696a,15.50
15.696a,15.51
15.696b,15.51
15.696c,15.51
15.696d,15.51
15.696d,15.52
15.696e,15.52
15.696f,15.52
15.697a,15.52
15.697b,15.52
15.697b,15.53
15.697c,15.53
15.697d,15.53
15.697e,15.53
15.697e,15.54
15.697f,15.54
15.698a,15.54
15.698a,15.55
15.698b,15.55
15.698c,15.55
15.698d,15.55
15.698e,15.55
15.698f,15.55
15.699a,15.55
15.699a,15.56
15.699b,15.56
15.699c,15.56
15.699d,15.57
15.699e,15.57
15.699f,15.57
15.699f,15.58
15.700a,15.58
15.700a,15.59
15.700b,15.59
15.700c,15.59
15.700c,15.60
15.700d,15.60
15.700e,15.60
15.700f,15.60
15.701a,15.60
15.701b,15.60
15.701b,15.62
15.701c,15.62
15.701d,15.62
15.701e,15.62
15.701f,15.62
15.701f,15.63
15.702a,15.63
15.702b,15.63
15.702c,15.63